experiment,algorithm,dataset,setting,threshold_index,size_fraction,min_utility,max_transactions,status,runtime_ms,peak_memory_mb,pattern_count,candidate_count,source,reuse
threshold,pa_huim,accidents,T1,1,,21000000,,correct,2396369.266,362.285,3383,40060,pa_huim_results/pa_huim_threshold_results.csv,
threshold,pa_huim,accidents,T2,2,,22000000,,correct,1686217.555,359.438,1885,29596,pa_huim_results/pa_huim_threshold_results.csv,
threshold,pa_huim,accidents,T3,3,,23000000,,correct,1199331.563,358.816,1026,22331,pa_huim_results/pa_huim_threshold_results.csv,
threshold,pa_huim,accidents,T4,4,,24000000,,correct,852304.658,353.129,513,17108,pa_huim_results/pa_huim_threshold_results.csv,
threshold,pa_huim,accidents,T5,5,,25000000,,correct,622898.606,347.578,266,13203,pa_huim_results/pa_huim_threshold_results.csv,
threshold,pa_huim,accidents,T6,6,,26000000,,correct,477689.204,347.273,144,10523,pa_huim_results/pa_huim_threshold_results.csv,
threshold,pa_huim,accidents,T7,7,,27000000,,correct,377127.287,351.691,68,8606,pa_huim_results/pa_huim_threshold_results.csv,
threshold,pa_huim,accidents,T8,8,,28000000,,correct,301826.414,343.113,28,6920,pa_huim_results/pa_huim_threshold_results.csv,
threshold,pa_huim,accidents,T9,9,,29000000,,correct,229033.799,343.219,15,5308,pa_huim_results/pa_huim_threshold_results.csv,
threshold,pa_huim,accidents,T10,10,,30000000,,correct,188556.978,336.551,6,4330,pa_huim_results/pa_huim_threshold_results.csv,
threshold,pa_huim,chainstore,T1,1,,90000,,correct,7822701.537,294.992,43785109,251488327,pa_huim_results/pa_huim_threshold_results.csv,
threshold,pa_huim,chainstore,T2,2,,95000,,correct,7251522.198,294.59,22041,46608731,pa_huim_results/pa_huim_threshold_results.csv,
threshold,pa_huim,chainstore,T3,3,,98000,,correct,7380574.404,293.543,20862,45517678,pa_huim_results/pa_huim_threshold_results.csv,
threshold,pa_huim,chainstore,T4,4,,130000,,correct,6660373.813,291.996,12436,38628034,pa_huim_results/pa_huim_threshold_results.csv,
threshold,pa_huim,chainstore,T5,5,,163000,,correct,6015980.226,290.281,8514,34927160,pa_huim_results/pa_huim_threshold_results.csv,
threshold,pa_huim,chainstore,T6,6,,196000,,correct,5544131.063,288.945,6222,32421981,pa_huim_results/pa_huim_threshold_results.csv,
threshold,pa_huim,chainstore,T7,7,,261000,,correct,4926982.719,286.238,3883,29055101,pa_huim_results/pa_huim_threshold_results.csv,
threshold,pa_huim,chainstore,T8,8,,391000,,correct,4018269.9,280.758,1937,24577378,pa_huim_results/pa_huim_threshold_results.csv,
threshold,pa_huim,chainstore,T9,9,,522000,,correct,3501057.996,277.199,1165,21621033,pa_huim_results/pa_huim_threshold_results.csv,
threshold,pa_huim,chainstore,T10,10,,652000,,correct,2987949.515,272.555,802,19158514,pa_huim_results/pa_huim_threshold_results.csv,
threshold,pa_huim,chicago_crimes,T1,1,,4000,,correct,52105.555,470.91,4227,7189,pa_huim_results/pa_huim_threshold_results.csv,
threshold,pa_huim,chicago_crimes,T2,2,,8000,,correct,51938.709,475.754,2182,4217,pa_huim_results/pa_huim_threshold_results.csv,
threshold,pa_huim,chicago_crimes,T3,3,,12000,,correct,50661.141,475.66,1407,2895,pa_huim_results/pa_huim_threshold_results.csv,
threshold,pa_huim,chicago_crimes,T4,4,,16000,,correct,50269.301,471.906,1043,2276,pa_huim_results/pa_huim_threshold_results.csv,
threshold,pa_huim,chicago_crimes,T5,5,,20000,,correct,48850.588,474.699,813,1816,pa_huim_results/pa_huim_threshold_results.csv,
threshold,pa_huim,chicago_crimes,T6,6,,24000,,correct,48348.418,471.395,649,1550,pa_huim_results/pa_huim_threshold_results.csv,
threshold,pa_huim,chicago_crimes,T7,7,,32000,,correct,47520.008,469.16,479,1168,pa_huim_results/pa_huim_threshold_results.csv,
threshold,pa_huim,chicago_crimes,T8,8,,48000,,correct,45943.922,484.441,298,795,pa_huim_results/pa_huim_threshold_results.csv,
threshold,pa_huim,chicago_crimes,T9,9,,64000,,correct,44862.972,476.07,213,626,pa_huim_results/pa_huim_threshold_results.csv,
threshold,pa_huim,chicago_crimes,T10,10,,79000,,correct,43435.616,469.949,160,504,pa_huim_results/pa_huim_threshold_results.csv,
threshold,pa_huim,ecommerce,T1,1,,165000,,correct,7219571.447,22.57,2434709810,3264179849,pa_huim_results/pa_huim_threshold_results.csv,
threshold,pa_huim,ecommerce,T2,2,,170000,,correct,6887129.527,22.348,2304557665,3075548704,pa_huim_results/pa_huim_threshold_results.csv,
threshold,pa_huim,ecommerce,T3,3,,175000,,correct,6498413.719,22.379,2179607729,2906479017,pa_huim_results/pa_huim_threshold_results.csv,
threshold,pa_huim,ecommerce,T4,4,,180000,,correct,6170617.528,22.344,2069486320,2771214030,pa_huim_results/pa_huim_threshold_results.csv,
threshold,pa_huim,ecommerce,T5,5,,186000,,correct,5792534.64,22.422,1940198958,2623682136,pa_huim_results/pa_huim_threshold_results.csv,
threshold,pa_huim,ecommerce,T6,6,,224000,,correct,4087027.35,22.469,1255758218,1894247706,pa_huim_results/pa_huim_threshold_results.csv,
threshold,pa_huim,ecommerce,T7,7,,298000,,correct,1868361.873,22.258,492078617,925043887,pa_huim_results/pa_huim_threshold_results.csv,
threshold,pa_huim,ecommerce,T8,8,,447000,,correct,239605.181,22.168,46005875,129768325,pa_huim_results/pa_huim_threshold_results.csv,
threshold,pa_huim,ecommerce,T9,9,,596000,,correct,27060.332,21.949,4093638,10540813,pa_huim_results/pa_huim_threshold_results.csv,
threshold,pa_huim,ecommerce,T10,10,,746000,,correct,13190.247,21.879,886868,3577321,pa_huim_results/pa_huim_threshold_results.csv,
threshold,pa_huim,foodmart,T1,1,,3000,,correct,2075.118,17.93,85034,180851,pa_huim_results/pa_huim_threshold_results.csv,
threshold,pa_huim,foodmart,T2,2,,4000,,correct,1922.118,18.008,40485,127551,pa_huim_results/pa_huim_threshold_results.csv,
threshold,pa_huim,foodmart,T3,3,,6000,,correct,1746.845,17.621,6309,60216,pa_huim_results/pa_huim_threshold_results.csv,
threshold,pa_huim,foodmart,T4,4,,7000,,correct,1743.473,17.52,1903,47440,pa_huim_results/pa_huim_threshold_results.csv,
threshold,pa_huim,foodmart,T5,5,,8000,,correct,1740.904,17.68,769,42047,pa_huim_results/pa_huim_threshold_results.csv,
threshold,pa_huim,foodmart,T6,6,,9000,,correct,1695.825,17.695,546,40533,pa_huim_results/pa_huim_threshold_results.csv,
threshold,pa_huim,foodmart,T7,7,,12000,,correct,1703.209,17.645,261,39978,pa_huim_results/pa_huim_threshold_results.csv,
threshold,pa_huim,foodmart,T8,8,,15000,,correct,1660.251,17.531,89,39503,pa_huim_results/pa_huim_threshold_results.csv,
threshold,pa_huim,foodmart,T9,9,,18000,,correct,1595.298,17.57,31,38504,pa_huim_results/pa_huim_threshold_results.csv,
threshold,pa_huim,foodmart,T10,10,,24000,,correct,1233.72,17.633,3,31796,pa_huim_results/pa_huim_threshold_results.csv,
threshold,pa_huim,fruithut,T1,1,,13000,,correct,1368186.048,50.496,189527795,848646468,pa_huim_results/pa_huim_threshold_results.csv,
threshold,pa_huim,fruithut,T2,2,,26000,,correct,66462.743,50.578,116106,1842195,pa_huim_results/pa_huim_threshold_results.csv,
threshold,pa_huim,fruithut,T3,3,,39000,,correct,59705.112,50.84,47503,1064436,pa_huim_results/pa_huim_threshold_results.csv,
threshold,pa_huim,fruithut,T4,4,,52000,,correct,52417.412,49.938,26681,741106,pa_huim_results/pa_huim_threshold_results.csv,
threshold,pa_huim,fruithut,T5,5,,65000,,correct,47917.432,50.477,17163,569159,pa_huim_results/pa_huim_threshold_results.csv,
threshold,pa_huim,fruithut,T6,6,,79000,,correct,43696.176,49.586,11840,451394,pa_huim_results/pa_huim_threshold_results.csv,
threshold,pa_huim,fruithut,T7,7,,105000,,correct,38951.09,49.82,6983,321933,pa_huim_results/pa_huim_threshold_results.csv,
threshold,pa_huim,fruithut,T8,8,,157000,,correct,33196.824,49.969,3470,202091,pa_huim_results/pa_huim_threshold_results.csv,
threshold,pa_huim,fruithut,T9,9,,209000,,correct,28035.034,49.438,2097,141334,pa_huim_results/pa_huim_threshold_results.csv,
threshold,pa_huim,fruithut,T10,10,,262000,,correct,24729.155,49.719,1395,106501,pa_huim_results/pa_huim_threshold_results.csv,
threshold,pa_huim,kosarak,T1,1,,2000000,,correct,36413.014,281.684,37,5349,pa_huim_results/pa_huim_threshold_results.csv,
threshold,pa_huim,kosarak,T2,2,,2250000,,correct,31030.853,278.66,33,2126,pa_huim_results/pa_huim_threshold_results.csv,
threshold,pa_huim,kosarak,T3,3,,2500000,,correct,28607.225,276.578,26,1420,pa_huim_results/pa_huim_threshold_results.csv,
threshold,pa_huim,kosarak,T4,4,,2750000,,correct,27663.055,266.316,22,1227,pa_huim_results/pa_huim_threshold_results.csv,
threshold,pa_huim,kosarak,T5,5,,3000000,,correct,26274.513,263.055,19,1028,pa_huim_results/pa_huim_threshold_results.csv,
threshold,pa_huim,kosarak,T6,6,,3250000,,correct,24794.669,264.168,19,802,pa_huim_results/pa_huim_threshold_results.csv,
threshold,pa_huim,kosarak,T7,7,,3500000,,correct,24125.616,254.828,18,689,pa_huim_results/pa_huim_threshold_results.csv,
threshold,pa_huim,kosarak,T8,8,,4000000,,correct,23209.513,250.953,13,535,pa_huim_results/pa_huim_threshold_results.csv,
threshold,pa_huim,kosarak,T9,9,,4500000,,correct,22187.796,244.324,10,400,pa_huim_results/pa_huim_threshold_results.csv,
threshold,pa_huim,kosarak,T10,10,,5000000,,correct,21748.814,237.832,9,331,pa_huim_results/pa_huim_threshold_results.csv,
threshold,pa_huim,retail,T1,1,,1500,,correct,265927.875,49.816,22268,6887146,pa_huim_results/pa_huim_threshold_results.csv,
threshold,pa_huim,retail,T2,2,,2200,,correct,234161.478,48.746,12103,4239252,pa_huim_results/pa_huim_threshold_results.csv,
threshold,pa_huim,retail,T3,3,,3000,,correct,226837.825,50.477,7314,3619388,pa_huim_results/pa_huim_threshold_results.csv,
threshold,pa_huim,retail,T4,4,,3700,,correct,189306.841,49.539,5191,3364141,pa_huim_results/pa_huim_threshold_results.csv,
threshold,pa_huim,retail,T5,5,,4500,,correct,174592.294,50.273,3728,3153450,pa_huim_results/pa_huim_threshold_results.csv,
threshold,pa_huim,retail,T6,6,,5300,,correct,159761.677,47.41,2781,2996223,pa_huim_results/pa_huim_threshold_results.csv,
threshold,pa_huim,retail,T7,7,,6100,,correct,147108.729,46.777,2197,2838173,pa_huim_results/pa_huim_threshold_results.csv,
threshold,pa_huim,retail,T8,8,,6900,,correct,139247.928,49.836,1772,2697162,pa_huim_results/pa_huim_threshold_results.csv,
threshold,pa_huim,retail,T9,9,,7700,,correct,128676.01,46.758,1448,2568131,pa_huim_results/pa_huim_threshold_results.csv,
threshold,pa_huim,retail,T10,10,,8900,,correct,118175.076,47.277,1119,2390800,pa_huim_results/pa_huim_threshold_results.csv,
scalability,pa_huim,accidents,20%,,0.2,24000000,68037,correct,3505.704,45.164,0,21,pa_huim_results/pa_huim_scalability_results.csv,
scalability,pa_huim,accidents,40%,,0.4,24000000,136073,correct,8391.072,96.469,0,73,pa_huim_results/pa_huim_scalability_results.csv,
scalability,pa_huim,accidents,60%,,0.6,24000000,204110,correct,33063.851,162.176,0,823,pa_huim_results/pa_huim_scalability_results.csv,
scalability,pa_huim,accidents,80%,,0.8,24000000,272146,correct,168887.368,273.215,7,4765,pa_huim_results/pa_huim_scalability_results.csv,
scalability,pa_huim,accidents,100%,,1.0,24000000,340183,correct,896751.039,351.012,513,17108,pa_huim_results/pa_huim_scalability_results.csv,
scalability,pa_huim,chainstore,20%,,0.2,130000,222590,correct,610153.609,73.227,986,6748341,pa_huim_results/pa_huim_scalability_results.csv,
scalability,pa_huim,chainstore,40%,,0.4,130000,445180,correct,1751565.307,124.918,2778,13414210,pa_huim_results/pa_huim_scalability_results.csv,
scalability,pa_huim,chainstore,60%,,0.6,130000,667769,correct,3152613.032,181.012,5685,22000521,pa_huim_results/pa_huim_scalability_results.csv,
scalability,pa_huim,chainstore,80%,,0.8,130000,890359,correct,5007180.911,239.289,8952,31100630,pa_huim_results/pa_huim_scalability_results.csv,
scalability,pa_huim,chainstore,100%,,1.0,130000,1112949,correct,6526048.332,293.363,12436,38628034,pa_huim_results/pa_huim_scalability_results.csv,
scalability,pa_huim,chicago_crimes,20%,,0.2,16000,532462,correct,8901.813,108.09,206,622,pa_huim_results/pa_huim_scalability_results.csv,
scalability,pa_huim,chicago_crimes,40%,,0.4,16000,1064924,correct,19613.326,204.398,540,1321,pa_huim_results/pa_huim_scalability_results.csv,
scalability,pa_huim,chicago_crimes,60%,,0.6,16000,1597385,correct,30539.772,293.867,865,1895,pa_huim_results/pa_huim_scalability_results.csv,
scalability,pa_huim,chicago_crimes,80%,,0.8,16000,2129847,correct,40494.469,395.375,983,2147,pa_huim_results/pa_huim_scalability_results.csv,
scalability,pa_huim,chicago_crimes,100%,,1.0,16000,2662309,correct,49820.292,466.0,1043,2276,pa_huim_results/pa_huim_scalability_results.csv,
scalability,pa_huim,ecommerce,20%,,0.2,180000,2995,correct,162018.231,17.758,35646831,90754297,pa_huim_results/pa_huim_scalability_results.csv,
scalability,pa_huim,ecommerce,40%,,0.4,180000,5990,correct,1265838.66,19.5,369792026,605758344,pa_huim_results/pa_huim_scalability_results.csv,
scalability,pa_huim,ecommerce,60%,,0.6,180000,8985,correct,4088322.541,20.492,1300521063,1889355470,pa_huim_results/pa_huim_scalability_results.csv,
scalability,pa_huim,ecommerce,80%,,0.8,180000,11980,correct,4559579.923,21.422,1470619864,2117175322,pa_huim_results/pa_huim_scalability_results.csv,
scalability,pa_huim,ecommerce,100%,,1.0,180000,14975,correct,6116816.934,22.441,2069486320,2771214030,pa_huim_results/pa_huim_scalability_results.csv,
scalability,pa_huim,foodmart,20%,,0.2,7000,828,correct,74.744,16.547,24,3353,pa_huim_results/pa_huim_scalability_results.csv,
scalability,pa_huim,foodmart,40%,,0.4,7000,1656,correct,644.339,17.168,420,17545,pa_huim_results/pa_huim_scalability_results.csv,
scalability,pa_huim,foodmart,60%,,0.6,7000,2485,correct,1055.56,17.266,674,27327,pa_huim_results/pa_huim_scalability_results.csv,
scalability,pa_huim,foodmart,80%,,0.8,7000,3313,correct,1378.84,17.367,1639,40147,pa_huim_results/pa_huim_scalability_results.csv,
scalability,pa_huim,foodmart,100%,,1.0,7000,4141,correct,1803.101,17.566,1903,47440,pa_huim_results/pa_huim_scalability_results.csv,
scalability,pa_huim,fruithut,20%,,0.2,52000,36394,correct,3057.449,22.668,875,44263,pa_huim_results/pa_huim_scalability_results.csv,
scalability,pa_huim,fruithut,40%,,0.4,52000,72788,correct,10322.945,29.004,2708,128247,pa_huim_results/pa_huim_scalability_results.csv,
scalability,pa_huim,fruithut,60%,,0.6,52000,109182,correct,22245.951,35.453,7138,280206,pa_huim_results/pa_huim_scalability_results.csv,
scalability,pa_huim,fruithut,80%,,0.8,52000,145576,correct,38575.69,43.031,14819,489089,pa_huim_results/pa_huim_scalability_results.csv,
scalability,pa_huim,fruithut,100%,,1.0,52000,181970,correct,52451.07,49.598,26681,741106,pa_huim_results/pa_huim_scalability_results.csv,
scalability,pa_huim,kosarak,20%,,0.2,2750000,198000,correct,3259.215,49.918,1,28,pa_huim_results/pa_huim_scalability_results.csv,
scalability,pa_huim,kosarak,40%,,0.4,2750000,396001,correct,7927.52,106.414,5,188,pa_huim_results/pa_huim_scalability_results.csv,
scalability,pa_huim,kosarak,60%,,0.6,2750000,594001,correct,13236.223,153.281,10,379,pa_huim_results/pa_huim_scalability_results.csv,
scalability,pa_huim,kosarak,80%,,0.8,2750000,792002,correct,19178.688,207.266,18,724,pa_huim_results/pa_huim_scalability_results.csv,
scalability,pa_huim,kosarak,100%,,1.0,2750000,990002,correct,27807.61,271.234,22,1227,pa_huim_results/pa_huim_scalability_results.csv,
scalability,pa_huim,retail,20%,,0.2,3700,17632,correct,13251.682,22.965,395,479607,pa_huim_results/pa_huim_scalability_results.csv,
scalability,pa_huim,retail,40%,,0.4,3700,35265,correct,47992.562,29.234,1326,1271276,pa_huim_results/pa_huim_scalability_results.csv,
scalability,pa_huim,retail,60%,,0.6,3700,52897,correct,91212.302,35.422,2167,1987270,pa_huim_results/pa_huim_scalability_results.csv,
scalability,pa_huim,retail,80%,,0.8,3700,70530,correct,137282.926,42.98,3235,2649778,pa_huim_results/pa_huim_scalability_results.csv,
scalability,pa_huim,retail,100%,,1.0,3700,88162,correct,189786.813,47.945,5191,3364141,pa_huim_results/pa_huim_scalability_results.csv,
threshold,d2hup,accidents,T1,1,,21000000,,correct,8213934.209,3900.66,3383,-1,baseline_fixed_d2hup_accidents/baseline_huim_threshold_results.csv,
threshold,d2hup,accidents,T2,2,,22000000,,correct,6129766.204,3870.312,1885,-1,baseline_fixed_d2hup_accidents/baseline_huim_threshold_results.csv,
threshold,d2hup,accidents,T3,3,,23000000,,correct,4624301.158,3781.641,1026,-1,baseline_fixed_d2hup_accidents/baseline_huim_threshold_results.csv,
threshold,d2hup,accidents,T4,4,,24000000,,correct,3481199.386,3764.629,513,-1,baseline_fixed_d2hup_accidents/baseline_huim_threshold_results.csv,
threshold,d2hup,accidents,T5,5,,25000000,,correct,2694527.391,3704.355,266,-1,baseline_fixed_d2hup_accidents/baseline_huim_threshold_results.csv,
threshold,d2hup,accidents,T6,6,,26000000,,correct,2152601.912,3634.867,144,-1,baseline_fixed_d2hup_accidents/baseline_huim_threshold_results.csv,
threshold,d2hup,accidents,T7,7,,27000000,,correct,1732265.323,3558.004,68,-1,baseline_fixed_d2hup_accidents/baseline_huim_threshold_results.csv,
threshold,d2hup,accidents,T8,8,,28000000,,correct,1409620.997,3544.559,28,-1,baseline_fixed_d2hup_accidents/baseline_huim_threshold_results.csv,
threshold,d2hup,accidents,T9,9,,29000000,,correct,1059321.134,3522.816,15,-1,baseline_fixed_d2hup_accidents/baseline_huim_threshold_results.csv,
threshold,d2hup,accidents,T10,10,,30000000,,correct,874112.749,3385.195,6,-1,baseline_fixed_d2hup_accidents/baseline_huim_threshold_results.csv,
threshold,d2hup,chainstore,T1,1,,90000,,correct,2237178.761,2050.652,43785109,-1,baseline_tail_d2hup/baseline_huim_threshold_results.csv,
threshold,d2hup,chainstore,T2,2,,95000,,correct,552680.762,2048.484,22041,-1,baseline_tail_d2hup/baseline_huim_threshold_results.csv,
threshold,d2hup,chainstore,T3,3,,98000,,correct,558554.345,2047.297,20862,-1,baseline_tail_d2hup/baseline_huim_threshold_results.csv,
threshold,d2hup,chainstore,T4,4,,130000,,correct,488450.33,2034.266,12436,-1,baseline_tail_d2hup/baseline_huim_threshold_results.csv,
threshold,d2hup,chainstore,T5,5,,163000,,correct,416325.688,2020.414,8514,-1,baseline_tail_d2hup/baseline_huim_threshold_results.csv,
threshold,d2hup,chainstore,T6,6,,196000,,correct,375554.267,2008.492,6222,-1,baseline_tail_d2hup/baseline_huim_threshold_results.csv,
threshold,d2hup,chainstore,T7,7,,261000,,correct,325431.741,1984.691,3883,-1,baseline_tail_d2hup/baseline_huim_threshold_results.csv,
threshold,d2hup,chainstore,T8,8,,391000,,correct,270117.453,1940.465,1937,-1,baseline_tail_d2hup/baseline_huim_threshold_results.csv,
threshold,d2hup,chainstore,T9,9,,522000,,correct,235001.005,1897.836,1165,-1,baseline_tail_d2hup/baseline_huim_threshold_results.csv,
threshold,d2hup,chainstore,T10,10,,652000,,correct,210968.115,1857.898,802,-1,baseline_tail_d2hup/baseline_huim_threshold_results.csv,
threshold,d2hup,chicago_crimes,T1,1,,4000,,correct,48293.811,1199.934,4227,-1,baseline_fixed_d2hup_chicago/baseline_huim_threshold_results.csv,
threshold,d2hup,chicago_crimes,T2,2,,8000,,correct,47555.733,1199.961,2182,-1,baseline_fixed_d2hup_chicago/baseline_huim_threshold_results.csv,
threshold,d2hup,chicago_crimes,T3,3,,12000,,correct,46821.574,1199.367,1407,-1,baseline_fixed_d2hup_chicago/baseline_huim_threshold_results.csv,
threshold,d2hup,chicago_crimes,T4,4,,16000,,correct,46984.84,1199.23,1043,-1,baseline_fixed_d2hup_chicago/baseline_huim_threshold_results.csv,
threshold,d2hup,chicago_crimes,T5,5,,20000,,correct,46242.694,1199.477,813,-1,baseline_fixed_d2hup_chicago/baseline_huim_threshold_results.csv,
threshold,d2hup,chicago_crimes,T6,6,,24000,,correct,46075.709,1197.816,649,-1,baseline_fixed_d2hup_chicago/baseline_huim_threshold_results.csv,
threshold,d2hup,chicago_crimes,T7,7,,32000,,correct,44051.502,1197.297,479,-1,baseline_fixed_d2hup_chicago/baseline_huim_threshold_results.csv,
threshold,d2hup,chicago_crimes,T8,8,,48000,,correct,43387.26,1193.812,298,-1,baseline_fixed_d2hup_chicago/baseline_huim_threshold_results.csv,
threshold,d2hup,chicago_crimes,T9,9,,64000,,correct,42497.395,1193.605,213,-1,baseline_fixed_d2hup_chicago/baseline_huim_threshold_results.csv,
threshold,d2hup,chicago_crimes,T10,10,,79000,,correct,43044.231,1188.266,160,-1,baseline_fixed_d2hup_chicago/baseline_huim_threshold_results.csv,
threshold,d2hup,ecommerce,T1,1,,165000,,correct,26551796.872,1249.781,2434709810,-1,baseline_parallel_d2hup/baseline_huim_threshold_results.csv,
threshold,d2hup,ecommerce,T2,2,,170000,,correct,24990956.49,648.934,2304557665,-1,baseline_parallel_d2hup/baseline_huim_threshold_results.csv,
threshold,d2hup,ecommerce,T3,3,,175000,,correct,23961812.811,649.043,2179607729,-1,baseline_parallel_d2hup/baseline_huim_threshold_results.csv,
threshold,d2hup,ecommerce,T4,4,,180000,,correct,23520298.734,648.699,2069486320,-1,baseline_parallel_d2hup/baseline_huim_threshold_results.csv,
threshold,d2hup,ecommerce,T5,5,,186000,,correct,22207437.459,648.695,1940198958,-1,baseline_parallel_d2hup/baseline_huim_threshold_results.csv,
threshold,d2hup,ecommerce,T6,6,,224000,,correct,15645472.646,351.504,1255758218,-1,baseline_parallel_d2hup/baseline_huim_threshold_results.csv,
threshold,d2hup,ecommerce,T7,7,,298000,,correct,7212948.238,96.609,492078617,-1,baseline_parallel_d2hup/baseline_huim_threshold_results.csv,
threshold,d2hup,ecommerce,T8,8,,447000,,correct,1285891.217,64.48,46005875,-1,baseline_parallel_d2hup/baseline_huim_threshold_results.csv,
threshold,d2hup,ecommerce,T9,9,,596000,,correct,97206.721,63.387,4093638,-1,baseline_parallel_d2hup/baseline_huim_threshold_results.csv,
threshold,d2hup,ecommerce,T10,10,,746000,,correct,36419.704,62.535,886868,-1,baseline_parallel_d2hup/baseline_huim_threshold_results.csv,
threshold,d2hup,foodmart,T1,1,,3000,,correct,1423.324,22.301,85034,-1,baseline_parallel_d2hup/baseline_huim_threshold_results.csv,
threshold,d2hup,foodmart,T2,2,,4000,,correct,947.116,22.32,40485,-1,baseline_parallel_d2hup/baseline_huim_threshold_results.csv,
threshold,d2hup,foodmart,T3,3,,6000,,correct,390.79,22.066,6309,-1,baseline_parallel_d2hup/baseline_huim_threshold_results.csv,
threshold,d2hup,foodmart,T4,4,,7000,,correct,265.594,22.059,1903,-1,baseline_parallel_d2hup/baseline_huim_threshold_results.csv,
threshold,d2hup,foodmart,T5,5,,8000,,correct,209.251,22.062,769,-1,baseline_parallel_d2hup/baseline_huim_threshold_results.csv,
threshold,d2hup,foodmart,T6,6,,9000,,correct,191.043,22.059,546,-1,baseline_parallel_d2hup/baseline_huim_threshold_results.csv,
threshold,d2hup,foodmart,T7,7,,12000,,correct,168.583,22.172,261,-1,baseline_parallel_d2hup/baseline_huim_threshold_results.csv,
threshold,d2hup,foodmart,T8,8,,15000,,correct,154.285,22.156,89,-1,baseline_parallel_d2hup/baseline_huim_threshold_results.csv,
threshold,d2hup,foodmart,T9,9,,18000,,correct,122.286,22.227,31,-1,baseline_parallel_d2hup/baseline_huim_threshold_results.csv,
threshold,d2hup,foodmart,T10,10,,24000,,correct,131.268,21.785,3,-1,baseline_parallel_d2hup/baseline_huim_threshold_results.csv,
threshold,d2hup,fruithut,T1,1,,13000,,correct,7705207.625,194.008,189527795,-1,baseline_parallel_d2hup/baseline_huim_threshold_results.csv,
threshold,d2hup,fruithut,T2,2,,26000,,correct,61089.43,193.77,116106,-1,baseline_parallel_d2hup/baseline_huim_threshold_results.csv,
threshold,d2hup,fruithut,T3,3,,39000,,correct,39662.034,193.348,47503,-1,baseline_parallel_d2hup/baseline_huim_threshold_results.csv,
threshold,d2hup,fruithut,T4,4,,52000,,correct,31177.183,193.121,26681,-1,baseline_parallel_d2hup/baseline_huim_threshold_results.csv,
threshold,d2hup,fruithut,T5,5,,65000,,correct,26413.6,192.699,17163,-1,baseline_parallel_d2hup/baseline_huim_threshold_results.csv,
threshold,d2hup,fruithut,T6,6,,79000,,correct,23148.0,192.113,11840,-1,baseline_parallel_d2hup/baseline_huim_threshold_results.csv,
threshold,d2hup,fruithut,T7,7,,105000,,correct,19624.084,191.355,6983,-1,baseline_parallel_d2hup/baseline_huim_threshold_results.csv,
threshold,d2hup,fruithut,T8,8,,157000,,correct,15855.838,190.391,3470,-1,baseline_parallel_d2hup/baseline_huim_threshold_results.csv,
threshold,d2hup,fruithut,T9,9,,209000,,correct,13837.794,188.672,2097,-1,baseline_parallel_d2hup/baseline_huim_threshold_results.csv,
threshold,d2hup,fruithut,T10,10,,262000,,correct,12290.284,187.391,1395,-1,baseline_parallel_d2hup/baseline_huim_threshold_results.csv,
threshold,d2hup,kosarak,T1,1,,2000000,,correct,7023817.701,2254.145,37,-1,baseline_tail_d2hup/baseline_huim_threshold_results.csv,
threshold,d2hup,kosarak,T2,2,,2250000,,correct,1002992.873,2153.023,33,-1,baseline_tail_d2hup/baseline_huim_threshold_results.csv,
threshold,d2hup,kosarak,T3,3,,2500000,,correct,509724.171,2068.164,26,-1,baseline_tail_d2hup/baseline_huim_threshold_results.csv,
threshold,d2hup,kosarak,T4,4,,2750000,,correct,372612.453,2007.094,22,-1,baseline_tail_d2hup/baseline_huim_threshold_results.csv,
threshold,d2hup,kosarak,T5,5,,3000000,,correct,286276.516,1949.301,19,-1,baseline_tail_d2hup/baseline_huim_threshold_results.csv,
threshold,d2hup,kosarak,T6,6,,3250000,,correct,230345.927,1892.402,19,-1,baseline_tail_d2hup/baseline_huim_threshold_results.csv,
threshold,d2hup,kosarak,T7,7,,3500000,,correct,186977.448,1817.52,18,-1,baseline_tail_d2hup/baseline_huim_threshold_results.csv,
threshold,d2hup,kosarak,T8,8,,4000000,,correct,118314.394,1695.188,13,-1,baseline_tail_d2hup/baseline_huim_threshold_results.csv,
threshold,d2hup,kosarak,T9,9,,4500000,,correct,83422.537,1580.426,10,-1,baseline_tail_d2hup/baseline_huim_threshold_results.csv,
threshold,d2hup,kosarak,T10,10,,5000000,,correct,64602.765,1496.188,9,-1,baseline_tail_d2hup/baseline_huim_threshold_results.csv,
threshold,d2hup,retail,T1,1,,1500,,correct,343311.45,345.137,22268,-1,baseline_parallel_d2hup/baseline_huim_threshold_results.csv,
threshold,d2hup,retail,T2,2,,2200,,correct,112927.81,340.691,12103,-1,baseline_parallel_d2hup/baseline_huim_threshold_results.csv,
threshold,d2hup,retail,T3,3,,3000,,correct,84848.132,337.777,7314,-1,baseline_parallel_d2hup/baseline_huim_threshold_results.csv,
threshold,d2hup,retail,T4,4,,3700,,correct,75155.74,334.566,5191,-1,baseline_parallel_d2hup/baseline_huim_threshold_results.csv,
threshold,d2hup,retail,T5,5,,4500,,correct,66139.589,330.098,3728,-1,baseline_parallel_d2hup/baseline_huim_threshold_results.csv,
threshold,d2hup,retail,T6,6,,5300,,correct,60934.084,327.023,2781,-1,baseline_parallel_d2hup/baseline_huim_threshold_results.csv,
threshold,d2hup,retail,T7,7,,6100,,correct,57221.109,323.656,2197,-1,baseline_parallel_d2hup/baseline_huim_threshold_results.csv,
threshold,d2hup,retail,T8,8,,6900,,correct,53127.023,320.324,1772,-1,baseline_parallel_d2hup/baseline_huim_threshold_results.csv,
threshold,d2hup,retail,T9,9,,7700,,correct,49684.861,317.082,1448,-1,baseline_parallel_d2hup/baseline_huim_threshold_results.csv,
threshold,d2hup,retail,T10,10,,8900,,correct,44936.025,312.449,1119,-1,baseline_parallel_d2hup/baseline_huim_threshold_results.csv,
threshold,efim,accidents,T1,1,,21000000,,correct,197270.645,409.0,3383,10321,baseline_huim_results/baseline_huim_threshold_results.csv,
threshold,efim,accidents,T2,2,,22000000,,correct,188422.497,411.434,1885,6543,baseline_huim_results/baseline_huim_threshold_results.csv,
threshold,efim,accidents,T3,3,,23000000,,correct,181263.363,411.793,1026,4229,baseline_huim_results/baseline_huim_threshold_results.csv,
threshold,efim,accidents,T4,4,,24000000,,correct,177293.201,410.992,513,2668,baseline_huim_results/baseline_huim_threshold_results.csv,
threshold,efim,accidents,T5,5,,25000000,,correct,169249.309,408.418,266,1732,baseline_huim_results/baseline_huim_threshold_results.csv,
threshold,efim,accidents,T6,6,,26000000,,correct,156821.564,408.465,144,1195,baseline_huim_results/baseline_huim_threshold_results.csv,
threshold,efim,accidents,T7,7,,27000000,,correct,146205.177,405.84,68,848,baseline_huim_results/baseline_huim_threshold_results.csv,
threshold,efim,accidents,T8,8,,28000000,,correct,133258.845,405.996,28,610,baseline_huim_results/baseline_huim_threshold_results.csv,
threshold,efim,accidents,T9,9,,29000000,,correct,124941.941,396.059,15,423,baseline_huim_results/baseline_huim_threshold_results.csv,
threshold,efim,accidents,T10,10,,30000000,,correct,120096.978,390.504,6,318,baseline_huim_results/baseline_huim_threshold_results.csv,
threshold,efim,chainstore,T1,1,,90000,,correct,30037648.968,880.406,43785109,96825532,baseline_huim_results/baseline_huim_threshold_results.csv,
threshold,efim,chainstore,T2,2,,95000,,correct,25853686.676,882.027,22041,100520,baseline_huim_results/baseline_huim_threshold_results.csv,
threshold,efim,chainstore,T3,3,,98000,,correct,25910025.07,882.176,20862,95624,baseline_huim_results/baseline_huim_threshold_results.csv,
threshold,efim,chainstore,T4,4,,130000,,correct,23162438.94,880.289,12436,63032,baseline_huim_results/baseline_huim_threshold_results.csv,
threshold,efim,chainstore,T5,5,,163000,,correct,21347994.946,881.668,8514,47113,baseline_huim_results/baseline_huim_threshold_results.csv,
threshold,efim,chainstore,T6,6,,196000,,correct,19769958.893,881.773,6222,37795,baseline_huim_results/baseline_huim_threshold_results.csv,
threshold,efim,chainstore,T7,7,,261000,,correct,17584332.978,881.492,3883,27666,baseline_huim_results/baseline_huim_threshold_results.csv,
threshold,efim,chainstore,T8,8,,391000,,correct,14496412.429,879.453,1937,18415,baseline_huim_results/baseline_huim_threshold_results.csv,
threshold,efim,chainstore,T9,9,,522000,,correct,12243195.743,879.254,1165,14335,baseline_huim_results/baseline_huim_threshold_results.csv,
threshold,efim,chainstore,T10,10,,652000,,correct,10395467.177,878.785,802,11841,baseline_huim_results/baseline_huim_threshold_results.csv,
threshold,efim,chicago_crimes,T1,1,,4000,,correct,94989.314,903.773,4227,5143,baseline_huim_results/baseline_huim_threshold_results.csv,
threshold,efim,chicago_crimes,T2,2,,8000,,correct,94553.633,903.645,2182,2807,baseline_huim_results/baseline_huim_threshold_results.csv,
threshold,efim,chicago_crimes,T3,3,,12000,,correct,93540.869,903.629,1407,1800,baseline_huim_results/baseline_huim_threshold_results.csv,
threshold,efim,chicago_crimes,T4,4,,16000,,correct,95020.673,903.59,1043,1360,baseline_huim_results/baseline_huim_threshold_results.csv,
threshold,efim,chicago_crimes,T5,5,,20000,,correct,92336.349,903.688,813,1057,baseline_huim_results/baseline_huim_threshold_results.csv,
threshold,efim,chicago_crimes,T6,6,,24000,,correct,90584.906,911.191,649,864,baseline_huim_results/baseline_huim_threshold_results.csv,
threshold,efim,chicago_crimes,T7,7,,32000,,correct,87754.374,903.609,479,629,baseline_huim_results/baseline_huim_threshold_results.csv,
threshold,efim,chicago_crimes,T8,8,,48000,,correct,83037.006,901.301,298,399,baseline_huim_results/baseline_huim_threshold_results.csv,
threshold,efim,chicago_crimes,T9,9,,64000,,correct,83525.782,901.305,213,288,baseline_huim_results/baseline_huim_threshold_results.csv,
threshold,efim,chicago_crimes,T10,10,,79000,,correct,78613.151,901.309,160,226,baseline_huim_results/baseline_huim_threshold_results.csv,
threshold,efim,ecommerce,T1,1,,165000,,correct,117135164.075,28224.375,2434709810,2861436988,baseline_huim_results/baseline_huim_threshold_results.csv,
threshold,efim,ecommerce,T2,2,,170000,,correct,111683677.125,28224.215,2304557665,2708378492,baseline_huim_results/baseline_huim_threshold_results.csv,
threshold,efim,ecommerce,T3,3,,175000,,correct,106193896.594,28224.211,2179607729,2568123612,baseline_huim_results/baseline_huim_threshold_results.csv,
threshold,efim,ecommerce,T4,4,,180000,,correct,100783035.196,28224.273,2069486320,2451536662,baseline_huim_results/baseline_huim_threshold_results.csv,
threshold,efim,ecommerce,T5,5,,186000,,correct,95888829.913,28224.098,1940198958,2318330688,baseline_huim_results/baseline_huim_threshold_results.csv,
threshold,efim,ecommerce,T6,6,,224000,,correct,65424704.679,28224.27,1255758218,1603348293,baseline_huim_results/baseline_huim_threshold_results.csv,
threshold,efim,ecommerce,T7,7,,298000,,correct,29017104.797,28224.094,492078617,712291093,baseline_huim_results/baseline_huim_threshold_results.csv,
threshold,efim,ecommerce,T8,8,,447000,,correct,3537619.749,28224.137,46005875,83851608,baseline_huim_results/baseline_huim_threshold_results.csv,
threshold,efim,ecommerce,T9,9,,596000,,correct,389002.819,28224.277,4093638,6467663,baseline_huim_results/baseline_huim_threshold_results.csv,
threshold,efim,ecommerce,T10,10,,746000,,correct,187166.386,28224.199,886868,1746192,baseline_huim_results/baseline_huim_threshold_results.csv,
threshold,efim,foodmart,T1,1,,3000,,correct,8999.836,21.0,85034,126334,baseline_huim_results/baseline_huim_threshold_results.csv,
threshold,efim,foodmart,T2,2,,4000,,correct,6455.005,20.988,40485,68184,baseline_huim_results/baseline_huim_threshold_results.csv,
threshold,efim,foodmart,T3,3,,6000,,correct,4367.943,20.988,6309,13506,baseline_huim_results/baseline_huim_threshold_results.csv,
threshold,efim,foodmart,T4,4,,7000,,correct,4067.334,21.121,1903,4900,baseline_huim_results/baseline_huim_threshold_results.csv,
threshold,efim,foodmart,T5,5,,8000,,correct,3984.284,20.996,769,2098,baseline_huim_results/baseline_huim_threshold_results.csv,
threshold,efim,foodmart,T6,6,,9000,,correct,3961.988,21.02,546,1632,baseline_huim_results/baseline_huim_threshold_results.csv,
threshold,efim,foodmart,T7,7,,12000,,correct,3853.591,21.105,261,1542,baseline_huim_results/baseline_huim_threshold_results.csv,
threshold,efim,foodmart,T8,8,,15000,,correct,3832.519,21.145,89,1495,baseline_huim_results/baseline_huim_threshold_results.csv,
threshold,efim,foodmart,T9,9,,18000,,correct,3661.469,21.141,31,1422,baseline_huim_results/baseline_huim_threshold_results.csv,
threshold,efim,foodmart,T10,10,,24000,,correct,2804.45,21.035,3,1072,baseline_huim_results/baseline_huim_threshold_results.csv,
threshold,efim,fruithut,T1,1,,13000,,correct,16422786.17,121.734,189527795,411035438,baseline_huim_results/baseline_huim_threshold_results.csv,
threshold,efim,fruithut,T2,2,,26000,,correct,175081.32,121.906,116106,203381,baseline_huim_results/baseline_huim_threshold_results.csv,
threshold,efim,fruithut,T3,3,,39000,,correct,146569.873,121.914,47503,87555,baseline_huim_results/baseline_huim_threshold_results.csv,
threshold,efim,fruithut,T4,4,,52000,,correct,130341.247,121.91,26681,50766,baseline_huim_results/baseline_huim_threshold_results.csv,
threshold,efim,fruithut,T5,5,,65000,,correct,121756.39,122.059,17163,33925,baseline_huim_results/baseline_huim_threshold_results.csv,
threshold,efim,fruithut,T6,6,,79000,,correct,111034.427,121.453,11840,23990,baseline_huim_results/baseline_huim_threshold_results.csv,
threshold,efim,fruithut,T7,7,,105000,,correct,97122.449,121.379,6983,14659,baseline_huim_results/baseline_huim_threshold_results.csv,
threshold,efim,fruithut,T8,8,,157000,,correct,79873.741,122.094,3470,7582,baseline_huim_results/baseline_huim_threshold_results.csv,
threshold,efim,fruithut,T9,9,,209000,,correct,67084.557,121.301,2097,4788,baseline_huim_results/baseline_huim_threshold_results.csv,
threshold,efim,fruithut,T10,10,,262000,,correct,59964.125,121.668,1395,3332,baseline_huim_results/baseline_huim_threshold_results.csv,
threshold,efim,kosarak,T1,1,,2000000,,correct,69127.431,600.598,37,91,baseline_huim_results/baseline_huim_threshold_results.csv,
threshold,efim,kosarak,T2,2,,2250000,,correct,52833.972,601.297,33,70,baseline_huim_results/baseline_huim_threshold_results.csv,
threshold,efim,kosarak,T3,3,,2500000,,correct,46955.319,602.07,26,54,baseline_huim_results/baseline_huim_threshold_results.csv,
threshold,efim,kosarak,T4,4,,2750000,,correct,44465.427,601.16,22,47,baseline_huim_results/baseline_huim_threshold_results.csv,
threshold,efim,kosarak,T5,5,,3000000,,correct,41539.524,601.227,19,41,baseline_huim_results/baseline_huim_threshold_results.csv,
threshold,efim,kosarak,T6,6,,3250000,,correct,36656.476,600.465,19,32,baseline_huim_results/baseline_huim_threshold_results.csv,
threshold,efim,kosarak,T7,7,,3500000,,correct,35467.261,601.09,18,29,baseline_huim_results/baseline_huim_threshold_results.csv,
threshold,efim,kosarak,T8,8,,4000000,,correct,34403.641,601.875,13,24,baseline_huim_results/baseline_huim_threshold_results.csv,
threshold,efim,kosarak,T9,9,,4500000,,correct,33125.809,601.695,10,20,baseline_huim_results/baseline_huim_threshold_results.csv,
threshold,efim,kosarak,T10,10,,5000000,,correct,31601.915,599.742,9,19,baseline_huim_results/baseline_huim_threshold_results.csv,
threshold,efim,retail,T1,1,,1500,,correct,692067.147,81.875,22268,65847,baseline_huim_results/baseline_huim_threshold_results.csv,
threshold,efim,retail,T2,2,,2200,,correct,599825.508,82.621,12103,29497,baseline_huim_results/baseline_huim_threshold_results.csv,
threshold,efim,retail,T3,3,,3000,,correct,533131.941,82.387,7314,18652,baseline_huim_results/baseline_huim_threshold_results.csv,
threshold,efim,retail,T4,4,,3700,,correct,491465.6,82.527,5191,14503,baseline_huim_results/baseline_huim_threshold_results.csv,
threshold,efim,retail,T5,5,,4500,,correct,447126.066,82.25,3728,11692,baseline_huim_results/baseline_huim_threshold_results.csv,
threshold,efim,retail,T6,6,,5300,,correct,424030.221,82.145,2781,9924,baseline_huim_results/baseline_huim_threshold_results.csv,
threshold,efim,retail,T7,7,,6100,,correct,383783.478,81.824,2197,8636,baseline_huim_results/baseline_huim_threshold_results.csv,
threshold,efim,retail,T8,8,,6900,,correct,353825.229,82.148,1772,7654,baseline_huim_results/baseline_huim_threshold_results.csv,
threshold,efim,retail,T9,9,,7700,,correct,331213.628,82.199,1448,6874,baseline_huim_results/baseline_huim_threshold_results.csv,
threshold,efim,retail,T10,10,,8900,,correct,302477.722,81.734,1119,5971,baseline_huim_results/baseline_huim_threshold_results.csv,
threshold,fhm,accidents,T1,1,,21000000,,skipped,,,,,,
threshold,fhm,accidents,T2,2,,22000000,,skipped,,,,,,
threshold,fhm,accidents,T3,3,,23000000,,skipped,,,,,,
threshold,fhm,accidents,T4,4,,24000000,,skipped,,,,,,
threshold,fhm,accidents,T5,5,,25000000,,skipped,,,,,,
threshold,fhm,accidents,T6,6,,26000000,,skipped,,,,,,
threshold,fhm,accidents,T7,7,,27000000,,skipped,,,,,,
threshold,fhm,accidents,T8,8,,28000000,,skipped,,,,,,
threshold,fhm,accidents,T9,9,,29000000,,skipped,,,,,,
threshold,fhm,accidents,T10,10,,30000000,,timeout,,,,,,
threshold,fhm,chainstore,T1,1,,90000,,correct,12542547.55,3435.582,43785109,247199908,baseline_huim_results/baseline_huim_threshold_results.csv,
threshold,fhm,chainstore,T2,2,,95000,,correct,8567482.969,3427.488,22041,38119935,baseline_huim_results/baseline_huim_threshold_results.csv,
threshold,fhm,chainstore,T3,3,,98000,,correct,8271110.806,3422.027,20862,35378105,baseline_huim_results/baseline_huim_threshold_results.csv,
threshold,fhm,chainstore,T4,4,,130000,,correct,6124856.569,3367.586,12436,17898825,baseline_huim_results/baseline_huim_threshold_results.csv,
threshold,fhm,chainstore,T5,5,,163000,,correct,4738803.866,3312.734,8514,10339848,baseline_huim_results/baseline_huim_threshold_results.csv,
threshold,fhm,chainstore,T6,6,,196000,,correct,3830200.153,3266.746,6222,6594053,baseline_huim_results/baseline_huim_threshold_results.csv,
threshold,fhm,chainstore,T7,7,,261000,,correct,2716963.211,3181.949,3883,3258555,baseline_huim_results/baseline_huim_threshold_results.csv,
threshold,fhm,chainstore,T8,8,,391000,,correct,1662455.567,3020.012,1937,1193524,baseline_huim_results/baseline_huim_threshold_results.csv,
threshold,fhm,chainstore,T9,9,,522000,,correct,1123500.906,2858.246,1165,569530,baseline_huim_results/baseline_huim_threshold_results.csv,
threshold,fhm,chainstore,T10,10,,652000,,correct,832415.757,2710.574,802,315391,baseline_huim_results/baseline_huim_threshold_results.csv,
threshold,fhm,chicago_crimes,T1,1,,4000,,correct,287998.508,816.125,4227,7631,baseline_huim_results/baseline_huim_threshold_results.csv,
threshold,fhm,chicago_crimes,T2,2,,8000,,correct,261285.95,816.375,2182,4300,baseline_huim_results/baseline_huim_threshold_results.csv,
threshold,fhm,chicago_crimes,T3,3,,12000,,correct,238091.187,816.191,1407,3020,baseline_huim_results/baseline_huim_threshold_results.csv,
threshold,fhm,chicago_crimes,T4,4,,16000,,correct,221794.245,815.527,1043,2331,baseline_huim_results/baseline_huim_threshold_results.csv,
threshold,fhm,chicago_crimes,T5,5,,20000,,correct,209445.489,814.555,813,1875,baseline_huim_results/baseline_huim_threshold_results.csv,
threshold,fhm,chicago_crimes,T6,6,,24000,,correct,206571.441,814.18,649,1560,baseline_huim_results/baseline_huim_threshold_results.csv,
threshold,fhm,chicago_crimes,T7,7,,32000,,correct,194121.5,812.742,479,1159,baseline_huim_results/baseline_huim_threshold_results.csv,
threshold,fhm,chicago_crimes,T8,8,,48000,,correct,168992.211,808.688,298,774,baseline_huim_results/baseline_huim_threshold_results.csv,
threshold,fhm,chicago_crimes,T9,9,,64000,,correct,161225.488,807.887,213,585,baseline_huim_results/baseline_huim_threshold_results.csv,
threshold,fhm,chicago_crimes,T10,10,,79000,,correct,149585.225,801.852,160,477,baseline_huim_results/baseline_huim_threshold_results.csv,
threshold,fhm,ecommerce,T1,1,,165000,,correct,97567565.571,97.465,2434709810,3141856025,baseline_huim_results/baseline_huim_threshold_results.csv,
threshold,fhm,ecommerce,T2,2,,170000,,correct,92910899.803,97.059,2304557665,2995018383,baseline_huim_results/baseline_huim_threshold_results.csv,
threshold,fhm,ecommerce,T3,3,,175000,,correct,88111094.08,97.008,2179607729,2851053347,baseline_huim_results/baseline_huim_threshold_results.csv,
threshold,fhm,ecommerce,T4,4,,180000,,correct,84978757.514,97.406,2069486320,2734628711,baseline_huim_results/baseline_huim_threshold_results.csv,
threshold,fhm,ecommerce,T5,5,,186000,,correct,79684359.047,97.02,1940198958,2601398691,baseline_huim_results/baseline_huim_threshold_results.csv,
threshold,fhm,ecommerce,T6,6,,224000,,correct,53819783.148,96.164,1255758218,1835853677,baseline_huim_results/baseline_huim_threshold_results.csv,
threshold,fhm,ecommerce,T7,7,,298000,,correct,22769176.687,94.004,492078617,816751000,baseline_huim_results/baseline_huim_threshold_results.csv,
threshold,fhm,ecommerce,T8,8,,447000,,correct,3392353.358,90.453,46005875,156246314,baseline_huim_results/baseline_huim_threshold_results.csv,
threshold,fhm,ecommerce,T9,9,,596000,,correct,258566.99,86.836,4093638,11463203,baseline_huim_results/baseline_huim_threshold_results.csv,
threshold,fhm,ecommerce,T10,10,,746000,,correct,78875.296,83.086,886868,3669768,baseline_huim_results/baseline_huim_threshold_results.csv,
threshold,fhm,foodmart,T1,1,,3000,,correct,4747.634,23.883,85034,172173,baseline_huim_results/baseline_huim_threshold_results.csv,
threshold,fhm,foodmart,T2,2,,4000,,correct,2719.975,23.883,40485,104281,baseline_huim_results/baseline_huim_threshold_results.csv,
threshold,fhm,foodmart,T3,3,,6000,,correct,808.121,23.793,6309,23628,baseline_huim_results/baseline_huim_threshold_results.csv,
threshold,fhm,foodmart,T4,4,,7000,,correct,503.38,23.887,1903,9239,baseline_huim_results/baseline_huim_threshold_results.csv,
threshold,fhm,foodmart,T5,5,,8000,,correct,402.812,23.852,769,3016,baseline_huim_results/baseline_huim_threshold_results.csv,
threshold,fhm,foodmart,T6,6,,9000,,correct,368.611,23.789,546,938,baseline_huim_results/baseline_huim_threshold_results.csv,
threshold,fhm,foodmart,T7,7,,12000,,correct,346.88,23.738,261,134,baseline_huim_results/baseline_huim_threshold_results.csv,
threshold,fhm,foodmart,T8,8,,15000,,correct,327.319,23.742,89,20,baseline_huim_results/baseline_huim_threshold_results.csv,
threshold,fhm,foodmart,T9,9,,18000,,correct,306.635,23.824,31,3,baseline_huim_results/baseline_huim_threshold_results.csv,
threshold,fhm,foodmart,T10,10,,24000,,correct,251.816,23.277,3,0,baseline_huim_results/baseline_huim_threshold_results.csv,
threshold,fhm,fruithut,T1,1,,13000,,correct,17410735.996,147.203,189527795,982392073,baseline_huim_results/baseline_huim_threshold_results.csv,
threshold,fhm,fruithut,T2,2,,26000,,correct,456120.032,146.191,116106,5655153,baseline_huim_results/baseline_huim_threshold_results.csv,
threshold,fhm,fruithut,T3,3,,39000,,correct,353582.532,146.168,47503,2717299,baseline_huim_results/baseline_huim_threshold_results.csv,
threshold,fhm,fruithut,T4,4,,52000,,correct,296443.849,145.203,26681,1642451,baseline_huim_results/baseline_huim_threshold_results.csv,
threshold,fhm,fruithut,T5,5,,65000,,correct,255971.365,144.523,17163,1112810,baseline_huim_results/baseline_huim_threshold_results.csv,
threshold,fhm,fruithut,T6,6,,79000,,correct,226674.404,143.09,11840,792982,baseline_huim_results/baseline_huim_threshold_results.csv,
threshold,fhm,fruithut,T7,7,,105000,,correct,190300.33,142.309,6983,486550,baseline_huim_results/baseline_huim_threshold_results.csv,
threshold,fhm,fruithut,T8,8,,157000,,correct,143759.942,139.902,3470,237964,baseline_huim_results/baseline_huim_threshold_results.csv,
threshold,fhm,fruithut,T9,9,,209000,,correct,118584.573,137.605,2097,143736,baseline_huim_results/baseline_huim_threshold_results.csv,
threshold,fhm,fruithut,T10,10,,262000,,correct,99478.072,135.715,1395,94519,baseline_huim_results/baseline_huim_threshold_results.csv,
threshold,fhm,kosarak,T1,1,,2000000,,correct,4466980.989,1586.422,37,349553,baseline_huim_results/baseline_huim_threshold_results.csv,
threshold,fhm,kosarak,T2,2,,2250000,,correct,2802444.852,1428.059,33,112010,baseline_huim_results/baseline_huim_threshold_results.csv,
threshold,fhm,kosarak,T3,3,,2500000,,correct,1893214.288,1307.117,26,37449,baseline_huim_results/baseline_huim_threshold_results.csv,
threshold,fhm,kosarak,T4,4,,2750000,,correct,1335821.59,1205.492,22,15737,baseline_huim_results/baseline_huim_threshold_results.csv,
threshold,fhm,kosarak,T5,5,,3000000,,correct,961251.281,1122.832,19,7102,baseline_huim_results/baseline_huim_threshold_results.csv,
threshold,fhm,kosarak,T6,6,,3250000,,correct,742283.593,1055.555,19,3911,baseline_huim_results/baseline_huim_threshold_results.csv,
threshold,fhm,kosarak,T7,7,,3500000,,correct,574471.595,983.668,18,2440,baseline_huim_results/baseline_huim_threshold_results.csv,
threshold,fhm,kosarak,T8,8,,4000000,,correct,328457.316,862.273,13,883,baseline_huim_results/baseline_huim_threshold_results.csv,
threshold,fhm,kosarak,T9,9,,4500000,,correct,194422.146,752.473,10,377,baseline_huim_results/baseline_huim_threshold_results.csv,
threshold,fhm,kosarak,T10,10,,5000000,,correct,127230.652,696.477,9,195,baseline_huim_results/baseline_huim_threshold_results.csv,
threshold,fhm,retail,T1,1,,1500,,correct,3241648.441,456.609,22268,38385530,baseline_huim_results/baseline_huim_threshold_results.csv,
threshold,fhm,retail,T2,2,,2200,,correct,2365686.869,446.496,12103,9175082,baseline_huim_results/baseline_huim_threshold_results.csv,
threshold,fhm,retail,T3,3,,3000,,correct,1893012.385,434.629,7314,3683149,baseline_huim_results/baseline_huim_threshold_results.csv,
threshold,fhm,retail,T4,4,,3700,,correct,1606669.74,425.84,5191,1982316,baseline_huim_results/baseline_huim_threshold_results.csv,
threshold,fhm,retail,T5,5,,4500,,correct,1386697.146,416.211,3728,1115039,baseline_huim_results/baseline_huim_threshold_results.csv,
threshold,fhm,retail,T6,6,,5300,,correct,1215295.456,406.027,2781,687816,baseline_huim_results/baseline_huim_threshold_results.csv,
threshold,fhm,retail,T7,7,,6100,,correct,1092516.297,396.848,2197,453288,baseline_huim_results/baseline_huim_threshold_results.csv,
threshold,fhm,retail,T8,8,,6900,,correct,984377.041,385.938,1772,314487,baseline_huim_results/baseline_huim_threshold_results.csv,
threshold,fhm,retail,T9,9,,7700,,correct,889941.686,375.234,1448,225958,baseline_huim_results/baseline_huim_threshold_results.csv,
threshold,fhm,retail,T10,10,,8900,,correct,789862.165,361.41,1119,149031,baseline_huim_results/baseline_huim_threshold_results.csv,
threshold,hui_miner,accidents,T1,1,,21000000,,correct,26822071.3,1683.375,3383,40037,first8_batch/results/hui_accidents_T1.json,
threshold,hui_miner,accidents,T2,2,,22000000,,correct,24131111.172,1668.797,1885,29572,speculative_accel/hui_accidents_T2.json,
threshold,hui_miner,accidents,T3,3,,23000000,,correct,18440971.274,1622.172,1026,22302,baseline_huiminer_accidents/baseline_huim_threshold_results.csv,
threshold,hui_miner,accidents,T4,4,,24000000,,correct,13289281.266,1615.426,513,17081,baseline_huiminer_accidents/baseline_huim_threshold_results.csv,
threshold,hui_miner,accidents,T5,5,,25000000,,correct,10170721.295,1582.164,266,13175,baseline_huiminer_accidents/baseline_huim_threshold_results.csv,
threshold,hui_miner,accidents,T6,6,,26000000,,correct,8273339.118,1576.164,144,10483,baseline_huiminer_accidents/baseline_huim_threshold_results.csv,
threshold,hui_miner,accidents,T7,7,,27000000,,correct,6862488.63,1539.047,68,8562,baseline_huiminer_accidents/baseline_huim_threshold_results.csv,
threshold,hui_miner,accidents,T8,8,,28000000,,correct,5663707.061,1498.824,28,6873,baseline_huiminer_accidents/baseline_huim_threshold_results.csv,
threshold,hui_miner,accidents,T9,9,,29000000,,correct,4311768.126,1490.031,15,5259,baseline_huiminer_accidents/baseline_huim_threshold_results.csv,
threshold,hui_miner,accidents,T10,10,,30000000,,correct,3537819.637,1415.375,6,4281,baseline_huiminer_accidents/baseline_huim_threshold_results.csv,
threshold,hui_miner,chainstore,T1,1,,90000,,correct,109200242.21,933.582,43785109,18625163039,next10_batch/results/hui_chainstore_T1.json,
threshold,hui_miner,chainstore,T2,2,,95000,,correct,80574215.108,932.375,22041,522941257,next10_batch/results/hui_chainstore_T2.json,
threshold,hui_miner,chainstore,T3,3,,98000,,correct,79963960.271,931.219,20862,489631674,next10_batch/results/hui_chainstore_T3.json,
threshold,hui_miner,chainstore,T4,4,,130000,,correct,52918450.943,926.879,12436,332847258,next6_batch/results/hui_chainstore_100.json,scale100->T4
threshold,hui_miner,chainstore,T5,5,,163000,,correct,44663267.148,918.645,8514,262043333,next_easy2/results/hui_chainstore_T5.json,
threshold,hui_miner,chainstore,T6,6,,196000,,correct,47363864.992,912.762,6222,216482741,next6_batch/results/hui_chainstore_T6.json,
threshold,hui_miner,chainstore,T7,7,,261000,,correct,40872472.152,898.926,3883,162880854,first8_batch/results/hui_chainstore_T7.json,
threshold,hui_miner,chainstore,T8,8,,391000,,correct,39749891.989,872.582,1937,105869504,baseline_tail_huiminer/baseline_huim_threshold_results.csv,
threshold,hui_miner,chainstore,T9,9,,522000,,correct,33744793.911,851.117,1165,76486056,baseline_tail_huiminer/baseline_huim_threshold_results.csv,
threshold,hui_miner,chainstore,T10,10,,652000,,correct,29521349.462,832.77,802,57500996,baseline_tail_huiminer/baseline_huim_threshold_results.csv,
threshold,hui_miner,chicago_crimes,T1,1,,4000,,correct,136521.46,462.902,4227,7164,baseline_huiminer_chicago/baseline_huim_threshold_results.csv,
threshold,hui_miner,chicago_crimes,T2,2,,8000,,correct,133972.6,462.152,2182,4192,baseline_huiminer_chicago/baseline_huim_threshold_results.csv,
threshold,hui_miner,chicago_crimes,T3,3,,12000,,correct,134481.84,462.898,1407,2870,baseline_huiminer_chicago/baseline_huim_threshold_results.csv,
threshold,hui_miner,chicago_crimes,T4,4,,16000,,correct,116975.464,462.789,1043,2251,baseline_huiminer_chicago/baseline_huim_threshold_results.csv,
threshold,hui_miner,chicago_crimes,T5,5,,20000,,correct,115628.344,462.402,813,1792,baseline_huiminer_chicago/baseline_huim_threshold_results.csv,
threshold,hui_miner,chicago_crimes,T6,6,,24000,,correct,113957.625,462.527,649,1527,baseline_huiminer_chicago/baseline_huim_threshold_results.csv,
threshold,hui_miner,chicago_crimes,T7,7,,32000,,correct,112501.044,460.973,479,1146,baseline_huiminer_chicago/baseline_huim_threshold_results.csv,
threshold,hui_miner,chicago_crimes,T8,8,,48000,,correct,106419.585,460.344,298,775,baseline_huiminer_chicago/baseline_huim_threshold_results.csv,
threshold,hui_miner,chicago_crimes,T9,9,,64000,,correct,104415.922,460.27,213,606,baseline_huiminer_chicago/baseline_huim_threshold_results.csv,
threshold,hui_miner,chicago_crimes,T10,10,,79000,,correct,101460.733,458.598,160,486,baseline_huiminer_chicago/baseline_huim_threshold_results.csv,
threshold,hui_miner,ecommerce,T1,1,,165000,,skipped,,,,,,
threshold,hui_miner,ecommerce,T2,2,,170000,,skipped,,,,,,
threshold,hui_miner,ecommerce,T3,3,,175000,,timeout,,,,,,
threshold,hui_miner,ecommerce,T4,4,,180000,,correct,121595083.857,44.492,2069486320,37368078708,first8_batch/results/hui_ecommerce_T4.json,
threshold,hui_miner,ecommerce,T5,5,,186000,,correct,125722358.655,44.453,1940198958,34792634912,baseline_parallel_huiminer/baseline_huim_threshold_results.csv,
threshold,hui_miner,ecommerce,T6,6,,224000,,correct,82324545.388,44.16,1255758218,23844563466,baseline_parallel_huiminer/baseline_huim_threshold_results.csv,
threshold,hui_miner,ecommerce,T7,7,,298000,,correct,36267338.33,44.184,492078617,10218725067,baseline_parallel_huiminer/baseline_huim_threshold_results.csv,
threshold,hui_miner,ecommerce,T8,8,,447000,,correct,4117123.759,42.332,46005875,943863180,baseline_parallel_huiminer/baseline_huim_threshold_results.csv,
threshold,hui_miner,ecommerce,T9,9,,596000,,correct,441924.509,41.336,4093638,101568669,baseline_parallel_huiminer/baseline_huim_threshold_results.csv,
threshold,hui_miner,ecommerce,T10,10,,746000,,correct,192117.576,40.469,886868,34421601,baseline_parallel_huiminer/baseline_huim_threshold_results.csv,
threshold,hui_miner,foodmart,T1,1,,3000,,correct,40734.525,22.082,85034,29421356,baseline_parallel_huiminer/baseline_huim_threshold_results.csv,
threshold,hui_miner,foodmart,T2,2,,4000,,correct,25164.139,21.879,40485,14999609,baseline_parallel_huiminer/baseline_huim_threshold_results.csv,
threshold,hui_miner,foodmart,T3,3,,6000,,correct,12098.767,22.156,6309,3219184,baseline_parallel_huiminer/baseline_huim_threshold_results.csv,
threshold,hui_miner,foodmart,T4,4,,7000,,correct,10513.312,21.953,1903,1882445,baseline_parallel_huiminer/baseline_huim_threshold_results.csv,
threshold,hui_miner,foodmart,T5,5,,8000,,correct,9938.229,21.957,769,1387836,baseline_parallel_huiminer/baseline_huim_threshold_results.csv,
threshold,hui_miner,foodmart,T6,6,,9000,,correct,9744.943,22.016,546,1248155,baseline_parallel_huiminer/baseline_huim_threshold_results.csv,
threshold,hui_miner,foodmart,T7,7,,12000,,correct,9572.17,21.121,261,1200137,baseline_parallel_huiminer/baseline_huim_threshold_results.csv,
threshold,hui_miner,foodmart,T8,8,,15000,,correct,9546.937,20.945,89,1175817,baseline_parallel_huiminer/baseline_huim_threshold_results.csv,
threshold,hui_miner,foodmart,T9,9,,18000,,correct,9367.893,21.035,31,1130525,baseline_parallel_huiminer/baseline_huim_threshold_results.csv,
threshold,hui_miner,foodmart,T10,10,,24000,,correct,7674.184,20.84,3,884836,baseline_parallel_huiminer/baseline_huim_threshold_results.csv,
threshold,hui_miner,fruithut,T1,1,,13000,,correct,21560837.726,97.742,189527795,3223047289,baseline_huiminer_fruithut/baseline_huim_threshold_results.csv,
threshold,hui_miner,fruithut,T2,2,,26000,,correct,190314.629,97.934,116106,3083777,baseline_huiminer_fruithut/baseline_huim_threshold_results.csv,
threshold,hui_miner,fruithut,T3,3,,39000,,correct,170688.981,97.152,47503,1711756,baseline_huiminer_fruithut/baseline_huim_threshold_results.csv,
threshold,hui_miner,fruithut,T4,4,,52000,,correct,157971.166,97.27,26681,1154786,baseline_huiminer_fruithut/baseline_huim_threshold_results.csv,
threshold,hui_miner,fruithut,T5,5,,65000,,correct,150129.302,96.988,17163,873580,baseline_huiminer_fruithut/baseline_huim_threshold_results.csv,
threshold,hui_miner,fruithut,T6,6,,79000,,correct,143544.978,97.125,11840,676584,baseline_huiminer_fruithut/baseline_huim_threshold_results.csv,
threshold,hui_miner,fruithut,T7,7,,105000,,correct,134671.654,96.422,6983,468215,baseline_huiminer_fruithut/baseline_huim_threshold_results.csv,
threshold,hui_miner,fruithut,T8,8,,157000,,correct,122529.322,95.859,3470,282974,baseline_huiminer_fruithut/baseline_huim_threshold_results.csv,
threshold,hui_miner,fruithut,T9,9,,209000,,correct,111576.355,94.879,2097,185399,baseline_huiminer_fruithut/baseline_huim_threshold_results.csv,
threshold,hui_miner,fruithut,T10,10,,262000,,correct,103318.514,94.172,1395,134008,baseline_huiminer_fruithut/baseline_huim_threshold_results.csv,
threshold,hui_miner,kosarak,T1,1,,2000000,,correct,191704.363,534.902,37,3940,baseline_tail_huiminer/baseline_huim_threshold_results.csv,
threshold,hui_miner,kosarak,T2,2,,2250000,,correct,115910.837,515.488,33,961,baseline_tail_huiminer/baseline_huim_threshold_results.csv,
threshold,hui_miner,kosarak,T3,3,,2500000,,correct,82015.503,497.059,26,443,baseline_tail_huiminer/baseline_huim_threshold_results.csv,
threshold,hui_miner,kosarak,T4,4,,2750000,,correct,75823.216,484.055,22,369,baseline_tail_huiminer/baseline_huim_threshold_results.csv,
threshold,hui_miner,kosarak,T5,5,,3000000,,correct,67922.134,470.516,19,285,baseline_tail_huiminer/baseline_huim_threshold_results.csv,
threshold,hui_miner,kosarak,T6,6,,3250000,,correct,56398.622,459.621,19,139,baseline_tail_huiminer/baseline_huim_threshold_results.csv,
threshold,hui_miner,kosarak,T7,7,,3500000,,correct,53324.694,444.461,18,110,baseline_tail_huiminer/baseline_huim_threshold_results.csv,
threshold,hui_miner,kosarak,T8,8,,4000000,,correct,50589.335,417.707,13,93,baseline_tail_huiminer/baseline_huim_threshold_results.csv,
threshold,hui_miner,kosarak,T9,9,,4500000,,correct,43089.257,395.098,10,59,baseline_tail_huiminer/baseline_huim_threshold_results.csv,
threshold,hui_miner,kosarak,T10,10,,5000000,,correct,41041.358,377.859,9,52,baseline_tail_huiminer/baseline_huim_threshold_results.csv,
threshold,hui_miner,retail,T1,1,,1500,,correct,2189244.589,95.262,22268,113324096,baseline_huiminer_retail/baseline_huim_threshold_results.csv,
threshold,hui_miner,retail,T2,2,,2200,,correct,1945543.458,93.191,12103,52339785,baseline_huiminer_retail/baseline_huim_threshold_results.csv,
threshold,hui_miner,retail,T3,3,,3000,,correct,1800321.989,91.449,7314,36652815,baseline_huiminer_retail/baseline_huim_threshold_results.csv,
threshold,hui_miner,retail,T4,4,,3700,,correct,1710335.019,91.004,5191,29832278,baseline_huiminer_retail/baseline_huim_threshold_results.csv,
threshold,hui_miner,retail,T5,5,,4500,,correct,1613839.683,90.07,3728,24481480,baseline_huiminer_retail/baseline_huim_threshold_results.csv,
threshold,hui_miner,retail,T6,6,,5300,,correct,1526008.012,89.355,2781,20919809,baseline_huiminer_retail/baseline_huim_threshold_results.csv,
threshold,hui_miner,retail,T7,7,,6100,,correct,1440932.592,88.531,2197,17752244,baseline_huiminer_retail/baseline_huim_threshold_results.csv,
threshold,hui_miner,retail,T8,8,,6900,,correct,1354104.518,87.855,1772,15278773,baseline_huiminer_retail/baseline_huim_threshold_results.csv,
threshold,hui_miner,retail,T9,9,,7700,,correct,1275127.908,86.953,1448,13308953,baseline_huiminer_retail/baseline_huim_threshold_results.csv,
threshold,hui_miner,retail,T10,10,,8900,,correct,1168726.288,85.621,1119,11033369,baseline_huiminer_retail/baseline_huim_threshold_results.csv,
threshold,ulb_miner,accidents,T1,1,,21000000,,correct,9053242.058,3613.566,3383,38340,baseline_parallel_ulb/baseline_huim_threshold_results.csv,
threshold,ulb_miner,accidents,T2,2,,22000000,,correct,6749195.65,3569.5,1885,28035,baseline_parallel_ulb/baseline_huim_threshold_results.csv,
threshold,ulb_miner,accidents,T3,3,,23000000,,correct,5134204.437,3552.465,1026,20887,baseline_parallel_ulb/baseline_huim_threshold_results.csv,
threshold,ulb_miner,accidents,T4,4,,24000000,,correct,3889716.113,3521.586,513,15711,baseline_parallel_ulb/baseline_huim_threshold_results.csv,
threshold,ulb_miner,accidents,T5,5,,25000000,,correct,3046439.475,3503.117,266,11972,baseline_parallel_ulb/baseline_huim_threshold_results.csv,
threshold,ulb_miner,accidents,T6,6,,26000000,,correct,2389945.71,3501.012,144,9488,baseline_parallel_ulb/baseline_huim_threshold_results.csv,
threshold,ulb_miner,accidents,T7,7,,27000000,,correct,1920041.03,3482.996,68,7712,baseline_parallel_ulb/baseline_huim_threshold_results.csv,
threshold,ulb_miner,accidents,T8,8,,28000000,,correct,1521621.682,3482.727,28,6188,baseline_parallel_ulb/baseline_huim_threshold_results.csv,
threshold,ulb_miner,accidents,T9,9,,29000000,,correct,1190768.969,3446.133,15,4661,baseline_parallel_ulb/baseline_huim_threshold_results.csv,
threshold,ulb_miner,accidents,T10,10,,30000000,,correct,981085.714,3426.852,6,3720,baseline_parallel_ulb/baseline_huim_threshold_results.csv,
threshold,ulb_miner,chainstore,T1,1,,90000,,correct,8630796.792,5236.391,43785109,208215072,baseline_parallel_ulb/baseline_huim_threshold_results.csv,
threshold,ulb_miner,chainstore,T2,2,,95000,,correct,7170664.687,5228.941,22041,4645407,baseline_parallel_ulb/baseline_huim_threshold_results.csv,
threshold,ulb_miner,chainstore,T3,3,,98000,,correct,6926555.946,5223.031,20862,4256101,baseline_parallel_ulb/baseline_huim_threshold_results.csv,
threshold,ulb_miner,chainstore,T4,4,,130000,,correct,5121129.296,5167.828,12436,1974178,baseline_parallel_ulb/baseline_huim_threshold_results.csv,
threshold,ulb_miner,chainstore,T5,5,,163000,,correct,3948038.923,5108.238,8514,1095217,baseline_parallel_ulb/baseline_huim_threshold_results.csv,
threshold,ulb_miner,chainstore,T6,6,,196000,,correct,3274321.925,5054.996,6222,680691,baseline_parallel_ulb/baseline_huim_threshold_results.csv,
threshold,ulb_miner,chainstore,T7,7,,261000,,correct,2278013.552,4945.121,3883,331791,baseline_parallel_ulb/baseline_huim_threshold_results.csv,
threshold,ulb_miner,chainstore,T8,8,,391000,,correct,1318057.815,4749.715,1937,122503,baseline_parallel_ulb/baseline_huim_threshold_results.csv,
threshold,ulb_miner,chainstore,T9,9,,522000,,correct,885599.113,4558.566,1165,63792,baseline_parallel_ulb/baseline_huim_threshold_results.csv,
threshold,ulb_miner,chainstore,T10,10,,652000,,correct,739408.423,4374.891,802,38754,baseline_parallel_ulb/baseline_huim_threshold_results.csv,
threshold,ulb_miner,chicago_crimes,T1,1,,4000,,correct,122655.591,1745.828,4227,6988,baseline_parallel_ulb/baseline_huim_threshold_results.csv,
threshold,ulb_miner,chicago_crimes,T2,2,,8000,,correct,117457.967,1745.816,2182,4038,baseline_parallel_ulb/baseline_huim_threshold_results.csv,
threshold,ulb_miner,chicago_crimes,T3,3,,12000,,correct,110116.127,1745.844,1407,2681,baseline_parallel_ulb/baseline_huim_threshold_results.csv,
threshold,ulb_miner,chicago_crimes,T4,4,,16000,,correct,106773.962,1745.879,1043,2072,baseline_parallel_ulb/baseline_huim_threshold_results.csv,
threshold,ulb_miner,chicago_crimes,T5,5,,20000,,correct,101429.372,1744.746,813,1633,baseline_parallel_ulb/baseline_huim_threshold_results.csv,
threshold,ulb_miner,chicago_crimes,T6,6,,24000,,correct,99290.94,1743.59,649,1384,baseline_parallel_ulb/baseline_huim_threshold_results.csv,
threshold,ulb_miner,chicago_crimes,T7,7,,32000,,correct,95233.773,1741.539,479,1022,baseline_parallel_ulb/baseline_huim_threshold_results.csv,
threshold,ulb_miner,chicago_crimes,T8,8,,48000,,correct,86507.011,1735.02,298,662,baseline_parallel_ulb/baseline_huim_threshold_results.csv,
threshold,ulb_miner,chicago_crimes,T9,9,,64000,,correct,81589.064,1735.242,213,490,baseline_parallel_ulb/baseline_huim_threshold_results.csv,
threshold,ulb_miner,chicago_crimes,T10,10,,79000,,correct,77384.462,1726.176,160,394,baseline_parallel_ulb/baseline_huim_threshold_results.csv,
threshold,ulb_miner,ecommerce,T1,1,,165000,,correct,20281871.849,137.699,2434709810,3472254110,baseline_huim_results/baseline_huim_threshold_results.csv,
threshold,ulb_miner,ecommerce,T2,2,,170000,,correct,19131748.695,137.672,2304557665,3255635821,baseline_huim_results/baseline_huim_threshold_results.csv,
threshold,ulb_miner,ecommerce,T3,3,,175000,,correct,17938505.936,137.363,2179607729,3077710342,baseline_huim_results/baseline_huim_threshold_results.csv,
threshold,ulb_miner,ecommerce,T4,4,,180000,,correct,16949847.255,137.418,2069486320,2919521828,baseline_huim_results/baseline_huim_threshold_results.csv,
threshold,ulb_miner,ecommerce,T5,5,,186000,,correct,16439596.465,137.047,1940198958,2746574059,baseline_huim_results/baseline_huim_threshold_results.csv,
threshold,ulb_miner,ecommerce,T6,6,,224000,,correct,11297893.559,136.246,1255758218,1960282801,baseline_huim_results/baseline_huim_threshold_results.csv,
threshold,ulb_miner,ecommerce,T7,7,,298000,,correct,5082932.812,134.348,492078617,936415908,baseline_huim_results/baseline_huim_threshold_results.csv,
threshold,ulb_miner,ecommerce,T8,8,,447000,,correct,638898.11,130.465,46005875,129905853,baseline_huim_results/baseline_huim_threshold_results.csv,
threshold,ulb_miner,ecommerce,T9,9,,596000,,correct,57049.26,126.285,4093638,10411975,baseline_huim_results/baseline_huim_threshold_results.csv,
threshold,ulb_miner,ecommerce,T10,10,,746000,,correct,18935.654,121.805,886868,2948375,baseline_huim_results/baseline_huim_threshold_results.csv,
threshold,ulb_miner,foodmart,T1,1,,3000,,correct,1688.33,28.277,85034,176049,baseline_huim_results/baseline_huim_threshold_results.csv,
threshold,ulb_miner,foodmart,T2,2,,4000,,correct,1379.26,28.445,40485,108336,baseline_huim_results/baseline_huim_threshold_results.csv,
threshold,ulb_miner,foodmart,T3,3,,6000,,correct,629.561,28.465,6309,23376,baseline_huim_results/baseline_huim_threshold_results.csv,
threshold,ulb_miner,foodmart,T4,4,,7000,,correct,534.793,28.441,1903,8745,baseline_huim_results/baseline_huim_threshold_results.csv,
threshold,ulb_miner,foodmart,T5,5,,8000,,correct,508.052,28.461,769,2952,baseline_huim_results/baseline_huim_threshold_results.csv,
threshold,ulb_miner,foodmart,T6,6,,9000,,correct,482.753,28.34,546,1008,baseline_huim_results/baseline_huim_threshold_results.csv,
threshold,ulb_miner,foodmart,T7,7,,12000,,correct,461.032,28.016,261,192,baseline_huim_results/baseline_huim_threshold_results.csv,
threshold,ulb_miner,foodmart,T8,8,,15000,,correct,487.967,28.129,89,61,baseline_huim_results/baseline_huim_threshold_results.csv,
threshold,ulb_miner,foodmart,T9,9,,18000,,correct,444.988,27.969,31,35,baseline_huim_results/baseline_huim_threshold_results.csv,
threshold,ulb_miner,foodmart,T10,10,,24000,,correct,383.003,27.492,3,1,baseline_huim_results/baseline_huim_threshold_results.csv,
threshold,ulb_miner,fruithut,T1,1,,13000,,correct,4351877.769,286.516,189527795,908091612,baseline_parallel_ulb/baseline_huim_threshold_results.csv,
threshold,ulb_miner,fruithut,T2,2,,26000,,correct,282728.278,285.691,116106,1804353,baseline_parallel_ulb/baseline_huim_threshold_results.csv,
threshold,ulb_miner,fruithut,T3,3,,39000,,correct,232957.343,284.68,47503,957970,baseline_parallel_ulb/baseline_huim_threshold_results.csv,
threshold,ulb_miner,fruithut,T4,4,,52000,,correct,193263.66,283.922,26681,617566,baseline_parallel_ulb/baseline_huim_threshold_results.csv,
threshold,ulb_miner,fruithut,T5,5,,65000,,correct,169309.337,282.965,17163,446076,baseline_parallel_ulb/baseline_huim_threshold_results.csv,
threshold,ulb_miner,fruithut,T6,6,,79000,,correct,151218.027,281.672,11840,333559,baseline_parallel_ulb/baseline_huim_threshold_results.csv,
threshold,ulb_miner,fruithut,T7,7,,105000,,correct,124897.873,279.945,6983,214311,baseline_parallel_ulb/baseline_huim_threshold_results.csv,
threshold,ulb_miner,fruithut,T8,8,,157000,,correct,95398.671,277.254,3470,112464,baseline_parallel_ulb/baseline_huim_threshold_results.csv,
threshold,ulb_miner,fruithut,T9,9,,209000,,correct,72741.352,273.723,2097,69192,baseline_parallel_ulb/baseline_huim_threshold_results.csv,
threshold,ulb_miner,fruithut,T10,10,,262000,,correct,60725.795,270.82,1395,45145,baseline_parallel_ulb/baseline_huim_threshold_results.csv,
threshold,ulb_miner,kosarak,T1,1,,2000000,,correct,116928.933,2129.617,37,605,baseline_parallel_ulb/baseline_huim_threshold_results.csv,
threshold,ulb_miner,kosarak,T2,2,,2250000,,correct,94301.816,2029.574,33,301,baseline_parallel_ulb/baseline_huim_threshold_results.csv,
threshold,ulb_miner,kosarak,T3,3,,2500000,,correct,82926.745,1941.461,26,195,baseline_parallel_ulb/baseline_huim_threshold_results.csv,
threshold,ulb_miner,kosarak,T4,4,,2750000,,correct,73799.21,1882.836,22,144,baseline_parallel_ulb/baseline_huim_threshold_results.csv,
threshold,ulb_miner,kosarak,T5,5,,3000000,,correct,63569.656,1820.34,19,103,baseline_parallel_ulb/baseline_huim_threshold_results.csv,
threshold,ulb_miner,kosarak,T6,6,,3250000,,correct,58865.853,1771.156,19,57,baseline_parallel_ulb/baseline_huim_threshold_results.csv,
threshold,ulb_miner,kosarak,T7,7,,3500000,,correct,53540.602,1706.199,18,49,baseline_parallel_ulb/baseline_huim_threshold_results.csv,
threshold,ulb_miner,kosarak,T8,8,,4000000,,correct,47193.525,1591.324,13,40,baseline_parallel_ulb/baseline_huim_threshold_results.csv,
threshold,ulb_miner,kosarak,T9,9,,4500000,,correct,42471.664,1492.492,10,37,baseline_parallel_ulb/baseline_huim_threshold_results.csv,
threshold,ulb_miner,kosarak,T10,10,,5000000,,correct,38123.828,1418.234,9,29,baseline_parallel_ulb/baseline_huim_threshold_results.csv,
threshold,ulb_miner,retail,T1,1,,1500,,correct,746793.819,563.582,22268,1526279,baseline_parallel_ulb/baseline_huim_threshold_results.csv,
threshold,ulb_miner,retail,T2,2,,2200,,correct,578379.903,553.164,12103,350845,baseline_parallel_ulb/baseline_huim_threshold_results.csv,
threshold,ulb_miner,retail,T3,3,,3000,,correct,477054.426,543.684,7314,146629,baseline_parallel_ulb/baseline_huim_threshold_results.csv,
threshold,ulb_miner,retail,T4,4,,3700,,correct,428025.291,535.266,5191,89465,baseline_parallel_ulb/baseline_huim_threshold_results.csv,
threshold,ulb_miner,retail,T5,5,,4500,,correct,367471.525,525.852,3728,59848,baseline_parallel_ulb/baseline_huim_threshold_results.csv,
threshold,ulb_miner,retail,T6,6,,5300,,correct,333208.281,516.828,2781,43815,baseline_parallel_ulb/baseline_huim_threshold_results.csv,
threshold,ulb_miner,retail,T7,7,,6100,,correct,297328.738,507.363,2197,34064,baseline_parallel_ulb/baseline_huim_threshold_results.csv,
threshold,ulb_miner,retail,T8,8,,6900,,correct,279177.46,497.273,1772,27611,baseline_parallel_ulb/baseline_huim_threshold_results.csv,
threshold,ulb_miner,retail,T9,9,,7700,,correct,255798.822,488.211,1448,22825,baseline_parallel_ulb/baseline_huim_threshold_results.csv,
threshold,ulb_miner,retail,T10,10,,8900,,correct,236141.599,474.801,1119,18020,baseline_parallel_ulb/baseline_huim_threshold_results.csv,
threshold,upgrowthplus,accidents,T1,1,,21000000,,skipped,,,,,,
threshold,upgrowthplus,accidents,T2,2,,22000000,,skipped,,,,,,
threshold,upgrowthplus,accidents,T3,3,,23000000,,skipped,,,,,,
threshold,upgrowthplus,accidents,T4,4,,24000000,,skipped,,,,,,
threshold,upgrowthplus,accidents,T5,5,,25000000,,skipped,,,,,,
threshold,upgrowthplus,accidents,T6,6,,26000000,,skipped,,,,,,
threshold,upgrowthplus,accidents,T7,7,,27000000,,skipped,,,,,,
threshold,upgrowthplus,accidents,T8,8,,28000000,,skipped,,,,,,
threshold,upgrowthplus,accidents,T9,9,,29000000,,skipped,,,,,,
threshold,upgrowthplus,accidents,T10,10,,30000000,,timeout,,,,,,
threshold,upgrowthplus,chainstore,T1,1,,90000,,timeout,,,,,,
threshold,upgrowthplus,chainstore,T2,2,,95000,,correct,105391784.689,2222.68,22041,109370,next10_batch/results/up_chainstore_T2.json,
threshold,upgrowthplus,chainstore,T3,3,,98000,,correct,74173597.44,2216.031,20862,102937,next6_batch/results/up_chainstore_T3.json,
threshold,upgrowthplus,chainstore,T4,4,,130000,,correct,42242298.477,2182.812,12436,61351,first8_batch/results/up_chainstore_T4.json,
threshold,upgrowthplus,chainstore,T5,5,,163000,,correct,32817431.595,2147.801,8514,43940,baseline_tail_upgrowth/baseline_huim_threshold_results.csv,
threshold,upgrowthplus,chainstore,T6,6,,196000,,correct,25538763.112,2123.199,6222,34537,baseline_tail_upgrowth/baseline_huim_threshold_results.csv,
threshold,upgrowthplus,chainstore,T7,7,,261000,,correct,16244844.472,2001.402,3883,24980,baseline_tail_upgrowth/baseline_huim_threshold_results.csv,
threshold,upgrowthplus,chainstore,T8,8,,391000,,correct,11242558.195,1867.965,1937,17218,baseline_tail_upgrowth/baseline_huim_threshold_results.csv,
threshold,upgrowthplus,chainstore,T9,9,,522000,,correct,9028492.286,1746.641,1165,13687,baseline_tail_upgrowth/baseline_huim_threshold_results.csv,
threshold,upgrowthplus,chainstore,T10,10,,652000,,correct,7570378.261,1670.188,802,11468,baseline_tail_upgrowth/baseline_huim_threshold_results.csv,
threshold,upgrowthplus,chicago_crimes,T1,1,,4000,,correct,747516.048,27.301,4227,6825,baseline_upgrowth_chicago/baseline_huim_threshold_results.csv,
threshold,upgrowthplus,chicago_crimes,T2,2,,8000,,correct,527148.202,25.258,2182,3802,baseline_upgrowth_chicago/baseline_huim_threshold_results.csv,
threshold,upgrowthplus,chicago_crimes,T3,3,,12000,,correct,420999.763,24.848,1407,2590,baseline_upgrowth_chicago/baseline_huim_threshold_results.csv,
threshold,upgrowthplus,chicago_crimes,T4,4,,16000,,correct,359656.835,24.461,1043,1881,baseline_upgrowth_chicago/baseline_huim_threshold_results.csv,
threshold,upgrowthplus,chicago_crimes,T5,5,,20000,,correct,319364.764,24.434,813,1480,baseline_upgrowth_chicago/baseline_huim_threshold_results.csv,
threshold,upgrowthplus,chicago_crimes,T6,6,,24000,,correct,272994.681,23.941,649,1185,baseline_upgrowth_chicago/baseline_huim_threshold_results.csv,
threshold,upgrowthplus,chicago_crimes,T7,7,,32000,,correct,218765.157,23.176,479,860,baseline_upgrowth_chicago/baseline_huim_threshold_results.csv,
threshold,upgrowthplus,chicago_crimes,T8,8,,48000,,correct,169811.274,21.949,298,547,baseline_upgrowth_chicago/baseline_huim_threshold_results.csv,
threshold,upgrowthplus,chicago_crimes,T9,9,,64000,,correct,142299.353,21.59,213,387,baseline_upgrowth_chicago/baseline_huim_threshold_results.csv,
threshold,upgrowthplus,chicago_crimes,T10,10,,79000,,correct,126344.042,20.75,160,302,baseline_upgrowth_chicago/baseline_huim_threshold_results.csv,
threshold,upgrowthplus,ecommerce,T1,1,,165000,,skipped,,,,,,
threshold,upgrowthplus,ecommerce,T2,2,,170000,,skipped,,,,,,
threshold,upgrowthplus,ecommerce,T3,3,,175000,,skipped,,,,,,
threshold,upgrowthplus,ecommerce,T4,4,,180000,,skipped,,,,,,
threshold,upgrowthplus,ecommerce,T5,5,,186000,,skipped,,,,,,
threshold,upgrowthplus,ecommerce,T6,6,,224000,,skipped,,,,,,
threshold,upgrowthplus,ecommerce,T7,7,,298000,,skipped,,,,,,
threshold,upgrowthplus,ecommerce,T8,8,,447000,,skipped,,,,,,
threshold,upgrowthplus,ecommerce,T9,9,,596000,,timeout,,,,,,
threshold,upgrowthplus,ecommerce,T10,10,,746000,,correct,54265631.602,2729.812,886868,9429675,baseline_parallel_upgrowth/baseline_huim_threshold_results.csv,
threshold,upgrowthplus,foodmart,T1,1,,3000,,correct,151541.707,53.652,85034,133279,baseline_parallel_upgrowth/baseline_huim_threshold_results.csv,
threshold,upgrowthplus,foodmart,T2,2,,4000,,correct,65260.922,39.625,40485,72650,baseline_parallel_upgrowth/baseline_huim_threshold_results.csv,
threshold,upgrowthplus,foodmart,T3,3,,6000,,correct,9218.729,25.805,6309,14775,baseline_parallel_upgrowth/baseline_huim_threshold_results.csv,
threshold,upgrowthplus,foodmart,T4,4,,7000,,correct,4718.149,23.289,1903,5285,baseline_parallel_upgrowth/baseline_huim_threshold_results.csv,
threshold,upgrowthplus,foodmart,T5,5,,8000,,correct,3678.66,22.582,769,2134,baseline_parallel_upgrowth/baseline_huim_threshold_results.csv,
threshold,upgrowthplus,foodmart,T6,6,,9000,,correct,3363.117,22.227,546,1602,baseline_parallel_upgrowth/baseline_huim_threshold_results.csv,
threshold,upgrowthplus,foodmart,T7,7,,12000,,correct,3310.552,22.352,261,1540,baseline_parallel_upgrowth/baseline_huim_threshold_results.csv,
threshold,upgrowthplus,foodmart,T8,8,,15000,,correct,3232.184,22.23,89,1495,baseline_parallel_upgrowth/baseline_huim_threshold_results.csv,
threshold,upgrowthplus,foodmart,T9,9,,18000,,correct,3049.613,22.141,31,1422,baseline_parallel_upgrowth/baseline_huim_threshold_results.csv,
threshold,upgrowthplus,foodmart,T10,10,,24000,,correct,2275.399,21.812,3,1072,baseline_parallel_upgrowth/baseline_huim_threshold_results.csv,
threshold,upgrowthplus,fruithut,T1,1,,13000,,timeout,,,,,,
threshold,upgrowthplus,fruithut,T2,2,,26000,,correct,11126224.171,169.391,116106,220261,baseline_upgrowth_fruithut/baseline_huim_threshold_results.csv,
threshold,upgrowthplus,fruithut,T3,3,,39000,,correct,5374530.057,138.871,47503,92023,baseline_upgrowth_fruithut/baseline_huim_threshold_results.csv,
threshold,upgrowthplus,fruithut,T4,4,,52000,,correct,3129283.99,131.398,26681,52099,baseline_upgrowth_fruithut/baseline_huim_threshold_results.csv,
threshold,upgrowthplus,fruithut,T5,5,,65000,,correct,2036925.843,127.113,17163,34543,baseline_upgrowth_fruithut/baseline_huim_threshold_results.csv,
threshold,upgrowthplus,fruithut,T6,6,,79000,,correct,1399405.126,123.641,11840,24342,baseline_upgrowth_fruithut/baseline_huim_threshold_results.csv,
threshold,upgrowthplus,fruithut,T7,7,,105000,,correct,847059.83,123.355,6983,14484,baseline_upgrowth_fruithut/baseline_huim_threshold_results.csv,
threshold,upgrowthplus,fruithut,T8,8,,157000,,correct,477771.759,119.973,3470,7570,baseline_upgrowth_fruithut/baseline_huim_threshold_results.csv,
threshold,upgrowthplus,fruithut,T9,9,,209000,,correct,317122.188,118.219,2097,4847,baseline_upgrowth_fruithut/baseline_huim_threshold_results.csv,
threshold,upgrowthplus,fruithut,T10,10,,262000,,correct,225068.248,116.703,1395,3408,baseline_upgrowth_fruithut/baseline_huim_threshold_results.csv,
threshold,upgrowthplus,kosarak,T1,1,,2000000,,correct,192347.214,801.371,37,131,baseline_tail_upgrowth/baseline_huim_threshold_results.csv,
threshold,upgrowthplus,kosarak,T2,2,,2250000,,correct,160809.017,743.137,33,101,baseline_tail_upgrowth/baseline_huim_threshold_results.csv,
threshold,upgrowthplus,kosarak,T3,3,,2500000,,correct,139556.043,690.551,26,81,baseline_tail_upgrowth/baseline_huim_threshold_results.csv,
threshold,upgrowthplus,kosarak,T4,4,,2750000,,correct,124299.37,653.059,22,58,baseline_tail_upgrowth/baseline_huim_threshold_results.csv,
threshold,upgrowthplus,kosarak,T5,5,,3000000,,correct,114168.447,612.809,19,48,baseline_tail_upgrowth/baseline_huim_threshold_results.csv,
threshold,upgrowthplus,kosarak,T6,6,,3250000,,correct,105494.318,580.785,19,40,baseline_tail_upgrowth/baseline_huim_threshold_results.csv,
threshold,upgrowthplus,kosarak,T7,7,,3500000,,correct,93919.963,539.629,18,38,baseline_tail_upgrowth/baseline_huim_threshold_results.csv,
threshold,upgrowthplus,kosarak,T8,8,,4000000,,correct,81369.439,460.16,13,32,baseline_tail_upgrowth/baseline_huim_threshold_results.csv,
threshold,upgrowthplus,kosarak,T9,9,,4500000,,correct,68516.924,395.918,10,24,baseline_tail_upgrowth/baseline_huim_threshold_results.csv,
threshold,upgrowthplus,kosarak,T10,10,,5000000,,correct,61211.211,347.762,9,23,baseline_tail_upgrowth/baseline_huim_threshold_results.csv,
threshold,upgrowthplus,retail,T1,1,,1500,,correct,40046973.248,443.457,22268,856810,baseline_parallel_upgrowth/baseline_huim_threshold_results.csv,
threshold,upgrowthplus,retail,T2,2,,2200,,correct,4591335.515,214.883,12103,69851,baseline_parallel_upgrowth/baseline_huim_threshold_results.csv,
threshold,upgrowthplus,retail,T3,3,,3000,,correct,1782659.583,200.531,7314,26833,baseline_parallel_upgrowth/baseline_huim_threshold_results.csv,
threshold,upgrowthplus,retail,T4,4,,3700,,correct,1310322.967,194.348,5191,19787,baseline_parallel_upgrowth/baseline_huim_threshold_results.csv,
threshold,upgrowthplus,retail,T5,5,,4500,,correct,1021519.472,190.441,3728,15589,baseline_parallel_upgrowth/baseline_huim_threshold_results.csv,
threshold,upgrowthplus,retail,T6,6,,5300,,correct,914623.615,186.781,2781,13046,baseline_parallel_upgrowth/baseline_huim_threshold_results.csv,
threshold,upgrowthplus,retail,T7,7,,6100,,correct,680742.775,183.906,2197,11146,baseline_parallel_upgrowth/baseline_huim_threshold_results.csv,
threshold,upgrowthplus,retail,T8,8,,6900,,correct,604057.855,181.152,1772,9678,baseline_parallel_upgrowth/baseline_huim_threshold_results.csv,
threshold,upgrowthplus,retail,T9,9,,7700,,correct,537085.726,178.016,1448,8579,baseline_parallel_upgrowth/baseline_huim_threshold_results.csv,
threshold,upgrowthplus,retail,T10,10,,8900,,correct,460658.749,174.215,1119,7304,baseline_parallel_upgrowth/baseline_huim_threshold_results.csv,
scalability,d2hup,accidents,20%,,0.2,24000000,68037,correct,5525.444,290.461,0,-1,baseline_scalability/d2hup_B/baseline_huim_scalability_results.csv,
scalability,d2hup,accidents,40%,,0.4,24000000,136073,correct,18171.718,928.434,0,-1,baseline_scalability/d2hup_B/baseline_huim_scalability_results.csv,
scalability,d2hup,accidents,60%,,0.6,24000000,204110,correct,139834.54,1769.238,0,-1,baseline_scalability/d2hup_B/baseline_huim_scalability_results.csv,
scalability,d2hup,accidents,80%,,0.8,24000000,272146,correct,819158.447,2807.832,7,-1,baseline_scalability/d2hup_B/baseline_huim_scalability_results.csv,
scalability,d2hup,accidents,100%,,1.0,24000000,340183,correct,3451257.093,3762.574,513,-1,baseline_scalability/d2hup_B/baseline_huim_scalability_results.csv,
scalability,d2hup,chainstore,20%,,0.2,130000,222590,correct,28046.839,383.02,986,-1,baseline_scalability/d2hup_B/baseline_huim_scalability_results.csv,
scalability,d2hup,chainstore,40%,,0.4,130000,445180,correct,64840.319,748.035,2778,-1,baseline_scalability/d2hup_B/baseline_huim_scalability_results.csv,
scalability,d2hup,chainstore,60%,,0.6,130000,667769,correct,114722.115,1171.676,5685,-1,baseline_scalability/d2hup_B/baseline_huim_scalability_results.csv,
scalability,d2hup,chainstore,80%,,0.8,130000,890359,correct,173226.538,1590.734,8952,-1,baseline_scalability/d2hup_B/baseline_huim_scalability_results.csv,
scalability,d2hup,chainstore,100%,,1.0,130000,1112949,correct,221459.666,1972.191,12436,-1,baseline_scalability/d2hup_B/baseline_huim_scalability_results.csv,
scalability,d2hup,chicago_crimes,20%,,0.2,16000,532462,correct,9063.521,268.688,206,-1,baseline_scalability/d2hup_B/baseline_huim_scalability_results.csv,
scalability,d2hup,chicago_crimes,40%,,0.4,16000,1064924,correct,19930.0,518.656,540,-1,baseline_scalability/d2hup_B/baseline_huim_scalability_results.csv,
scalability,d2hup,chicago_crimes,60%,,0.6,16000,1597385,correct,30397.895,761.508,865,-1,baseline_scalability/d2hup_B/baseline_huim_scalability_results.csv,
scalability,d2hup,chicago_crimes,80%,,0.8,16000,2129847,correct,40095.877,990.484,983,-1,baseline_scalability/d2hup_B/baseline_huim_scalability_results.csv,
scalability,d2hup,chicago_crimes,100%,,1.0,16000,2662309,correct,48350.785,1199.148,1043,-1,baseline_scalability/d2hup_B/baseline_huim_scalability_results.csv,
scalability,d2hup,ecommerce,20%,,0.2,180000,2995,correct,1114831.981,26.543,35646831,-1,baseline_scalability/d2hup_A/baseline_huim_scalability_results.csv,
scalability,d2hup,ecommerce,40%,,0.4,180000,5990,correct,6442400.997,68.176,369792026,-1,baseline_scalability/d2hup_A/baseline_huim_scalability_results.csv,
scalability,d2hup,ecommerce,60%,,0.6,180000,8985,correct,18634851.268,183.371,1300521063,-1,baseline_scalability/d2hup_A/baseline_huim_scalability_results.csv,
scalability,d2hup,ecommerce,80%,,0.8,180000,11980,correct,20417715.56,194.477,1470619864,-1,baseline_scalability/d2hup_A/baseline_huim_scalability_results.csv,
scalability,d2hup,ecommerce,100%,,1.0,180000,14975,correct,27302107.253,203.078,2069486320,-1,baseline_scalability/d2hup_A/baseline_huim_scalability_results.csv,
scalability,d2hup,foodmart,20%,,0.2,7000,828,correct,21.826,18.004,24,-1,baseline_scalability/d2hup_A/baseline_huim_scalability_results.csv,
scalability,d2hup,foodmart,40%,,0.4,7000,1656,correct,97.165,19.719,420,-1,baseline_scalability/d2hup_A/baseline_huim_scalability_results.csv,
scalability,d2hup,foodmart,60%,,0.6,7000,2485,correct,157.231,20.59,674,-1,baseline_scalability/d2hup_A/baseline_huim_scalability_results.csv,
scalability,d2hup,foodmart,80%,,0.8,7000,3313,correct,237.826,21.746,1639,-1,baseline_scalability/d2hup_A/baseline_huim_scalability_results.csv,
scalability,d2hup,foodmart,100%,,1.0,7000,4141,correct,276.44,22.41,1903,-1,baseline_scalability/d2hup_A/baseline_huim_scalability_results.csv,
scalability,d2hup,fruithut,20%,,0.2,52000,36394,correct,1145.11,43.531,875,-1,baseline_scalability/d2hup_fruithut/baseline_huim_scalability_results.csv,
scalability,d2hup,fruithut,40%,,0.4,52000,72788,correct,3045.199,73.949,2708,-1,baseline_scalability/d2hup_fruithut/baseline_huim_scalability_results.csv,
scalability,d2hup,fruithut,60%,,0.6,52000,109182,correct,6071.653,109.18,7138,-1,baseline_scalability/d2hup_fruithut/baseline_huim_scalability_results.csv,
scalability,d2hup,fruithut,80%,,0.8,52000,145576,correct,10520.378,146.43,14819,-1,baseline_scalability/d2hup_fruithut/baseline_huim_scalability_results.csv,
scalability,d2hup,fruithut,100%,,1.0,52000,181970,correct,16131.269,185.023,26681,-1,baseline_scalability/d2hup_fruithut/baseline_huim_scalability_results.csv,
scalability,d2hup,kosarak,20%,,0.2,2750000,198000,correct,4055.023,149.199,1,-1,baseline_scalability/d2hup_B/baseline_huim_scalability_results.csv,
scalability,d2hup,kosarak,40%,,0.4,2750000,396001,correct,10912.345,385.035,5,-1,baseline_scalability/d2hup_B/baseline_huim_scalability_results.csv,
scalability,d2hup,kosarak,60%,,0.6,2750000,594001,correct,19214.603,645.77,10,-1,baseline_scalability/d2hup_B/baseline_huim_scalability_results.csv,
scalability,d2hup,kosarak,80%,,0.8,2750000,792002,correct,28410.485,980.805,18,-1,baseline_scalability/d2hup_B/baseline_huim_scalability_results.csv,
scalability,d2hup,kosarak,100%,,1.0,2750000,990002,correct,40211.415,1304.559,22,-1,baseline_scalability/d2hup_B/baseline_huim_scalability_results.csv,
scalability,d2hup,retail,20%,,0.2,3700,17632,correct,2120.426,55.008,395,-1,baseline_scalability/d2hup_retail/baseline_huim_scalability_results.csv,
scalability,d2hup,retail,40%,,0.4,3700,35265,correct,5566.985,98.93,1326,-1,baseline_scalability/d2hup_retail/baseline_huim_scalability_results.csv,
scalability,d2hup,retail,60%,,0.6,3700,52897,correct,9156.61,140.926,2167,-1,baseline_scalability/d2hup_retail/baseline_huim_scalability_results.csv,
scalability,d2hup,retail,80%,,0.8,3700,70530,correct,12746.434,181.414,3235,-1,baseline_scalability/d2hup_retail/baseline_huim_scalability_results.csv,
scalability,d2hup,retail,100%,,1.0,3700,88162,correct,17327.428,226.977,5191,-1,baseline_scalability/d2hup_retail/baseline_huim_scalability_results.csv,
scalability,efim,accidents,20%,,0.2,24000000,68037,correct,4972.089,76.762,0,0,baseline_scalability/efim_B/baseline_huim_scalability_results.csv,
scalability,efim,accidents,40%,,0.4,24000000,136073,correct,13894.734,135.492,0,2,baseline_scalability/efim_B/baseline_huim_scalability_results.csv,
scalability,efim,accidents,60%,,0.6,24000000,204110,correct,52120.603,194.852,0,46,baseline_scalability/efim_B/baseline_huim_scalability_results.csv,
scalability,efim,accidents,80%,,0.8,24000000,272146,correct,120241.178,313.883,7,373,baseline_scalability/efim_B/baseline_huim_scalability_results.csv,
scalability,efim,accidents,100%,,1.0,24000000,340183,correct,227171.687,411.125,513,2668,baseline_scalability/efim_B/baseline_huim_scalability_results.csv,
scalability,efim,chainstore,20%,,0.2,130000,222590,correct,2528549.943,192.852,986,12667,baseline_scalability/efim_B/baseline_huim_scalability_results.csv,
scalability,efim,chainstore,40%,,0.4,130000,445180,correct,7170634.472,357.184,2778,22232,baseline_scalability/efim_B/baseline_huim_scalability_results.csv,
scalability,efim,chainstore,60%,,0.6,130000,667769,correct,13198396.664,536.137,5685,35575,baseline_scalability/efim_B/baseline_huim_scalability_results.csv,
scalability,efim,chainstore,80%,,0.8,130000,890359,correct,21343355.345,713.609,8952,49595,baseline_scalability/efim_B/baseline_huim_scalability_results.csv,
scalability,efim,chainstore,100%,,1.0,130000,1112949,correct,29319504.133,880.527,12436,63032,baseline_scalability/efim_B/baseline_huim_scalability_results.csv,
scalability,efim,chicago_crimes,20%,,0.2,16000,532462,correct,20586.626,195.422,206,300,baseline_scalability/efim_chicago/baseline_huim_scalability_results.csv,
scalability,efim,chicago_crimes,40%,,0.4,16000,1064924,correct,44113.882,376.465,540,729,baseline_scalability/efim_chicago/baseline_huim_scalability_results.csv,
scalability,efim,chicago_crimes,60%,,0.6,16000,1597385,correct,69481.333,552.035,865,1134,baseline_scalability/efim_chicago/baseline_huim_scalability_results.csv,
scalability,efim,chicago_crimes,80%,,0.8,16000,2129847,correct,91533.74,733.527,983,1287,baseline_scalability/efim_chicago/baseline_huim_scalability_results.csv,
scalability,efim,chicago_crimes,100%,,1.0,16000,2662309,correct,115977.733,903.922,1043,1360,baseline_scalability/efim_chicago/baseline_huim_scalability_results.csv,
scalability,efim,ecommerce,20%,,0.2,180000,2995,correct,3128946.264,27745.289,35646831,57827113,baseline_scalability/efim_A/baseline_huim_scalability_results.csv,
scalability,efim,ecommerce,40%,,0.4,180000,5990,correct,25149208.225,28213.414,369792026,483842743,baseline_scalability/efim_A/baseline_huim_scalability_results.csv,
scalability,efim,ecommerce,60%,,0.6,180000,8985,correct,73565671.166,28217.711,1300521063,1623581838,next4_batch/results/efim_ecommerce_60.json,
scalability,efim,ecommerce,80%,,0.8,180000,11980,correct,82155105.256,28220.828,1470619864,1817549970,next4_batch/results/efim_ecommerce_80.json,
scalability,efim,ecommerce,100%,,1.0,180000,14975,correct,100783035.196,28224.273,2069486320,2451536662,baseline_huim_results/baseline_huim_threshold_results.csv,T4->scale100
scalability,efim,foodmart,20%,,0.2,7000,828,correct,241.236,18.953,24,374,baseline_scalability/efim_A/baseline_huim_scalability_results.csv,
scalability,efim,foodmart,40%,,0.4,7000,1656,correct,1720.474,19.469,420,2161,baseline_scalability/efim_A/baseline_huim_scalability_results.csv,
scalability,efim,foodmart,60%,,0.6,7000,2485,correct,2794.233,20.199,674,2646,baseline_scalability/efim_A/baseline_huim_scalability_results.csv,
scalability,efim,foodmart,80%,,0.8,7000,3313,correct,3861.504,20.902,1639,4964,baseline_scalability/efim_A/baseline_huim_scalability_results.csv,
scalability,efim,foodmart,100%,,1.0,7000,4141,correct,4776.422,21.242,1903,4900,baseline_scalability/efim_A/baseline_huim_scalability_results.csv,
scalability,efim,fruithut,20%,,0.2,52000,36394,correct,11046.603,37.332,875,2000,baseline_scalability/efim_fruithut/baseline_huim_scalability_results.csv,
scalability,efim,fruithut,40%,,0.4,52000,72788,correct,37912.274,57.359,2708,5781,baseline_scalability/efim_fruithut/baseline_huim_scalability_results.csv,
scalability,efim,fruithut,60%,,0.6,52000,109182,correct,81268.404,78.246,7138,14798,baseline_scalability/efim_fruithut/baseline_huim_scalability_results.csv,
scalability,efim,fruithut,80%,,0.8,52000,145576,correct,138304.505,100.027,14819,29611,baseline_scalability/efim_fruithut/baseline_huim_scalability_results.csv,
scalability,efim,fruithut,100%,,1.0,52000,181970,correct,197532.888,122.082,26681,50766,baseline_scalability/efim_fruithut/baseline_huim_scalability_results.csv,
scalability,efim,kosarak,20%,,0.2,2750000,198000,correct,4990.008,128.445,1,2,baseline_scalability/efim_B/baseline_huim_scalability_results.csv,
scalability,efim,kosarak,40%,,0.4,2750000,396001,correct,13895.452,252.508,5,10,baseline_scalability/efim_B/baseline_huim_scalability_results.csv,
scalability,efim,kosarak,60%,,0.6,2750000,594001,correct,24396.07,368.582,10,20,baseline_scalability/efim_B/baseline_huim_scalability_results.csv,
scalability,efim,kosarak,80%,,0.8,2750000,792002,correct,34964.29,484.973,18,29,baseline_scalability/efim_B/baseline_huim_scalability_results.csv,
scalability,efim,kosarak,100%,,1.0,2750000,990002,correct,55423.089,601.453,22,47,baseline_scalability/efim_B/baseline_huim_scalability_results.csv,
scalability,efim,retail,20%,,0.2,3700,17632,correct,47586.58,31.68,395,2963,baseline_scalability/efim_retail/baseline_huim_scalability_results.csv,
scalability,efim,retail,40%,,0.4,3700,35265,correct,196553.95,44.531,1326,6316,baseline_scalability/efim_retail/baseline_huim_scalability_results.csv,
scalability,efim,retail,60%,,0.6,3700,52897,correct,369228.866,57.035,2167,8709,baseline_scalability/efim_retail/baseline_huim_scalability_results.csv,
scalability,efim,retail,80%,,0.8,3700,70530,correct,565729.748,69.426,3235,11029,baseline_scalability/efim_retail/baseline_huim_scalability_results.csv,
scalability,efim,retail,100%,,1.0,3700,88162,correct,779885.773,82.738,5191,14503,baseline_scalability/efim_retail/baseline_huim_scalability_results.csv,
scalability,fhm,accidents,20%,,0.2,24000000,68037,correct,5817.819,155.945,0,0,baseline_scalability/fhm_B/baseline_huim_scalability_results.csv,
scalability,fhm,accidents,40%,,0.4,24000000,136073,correct,1821240.712,1383.977,0,4191,baseline_scalability/fhm_B/baseline_huim_scalability_results.csv,
scalability,fhm,accidents,60%,,0.6,24000000,204110,correct,40653556.107,2899.75,0,85883,baseline_scalability/fhm_B/baseline_huim_scalability_results.csv,
scalability,fhm,accidents,80%,,0.8,24000000,272146,timeout,,,,,,
scalability,fhm,accidents,100%,,1.0,24000000,340183,skipped,,,,,,
scalability,fhm,chainstore,20%,,0.2,130000,222590,correct,265568.578,767.578,986,476974,baseline_scalability/fhm_chainstore/baseline_huim_scalability_results.csv,
scalability,fhm,chainstore,40%,,0.4,130000,445180,correct,1086791.032,1408.863,2778,2020319,baseline_scalability/fhm_chainstore/baseline_huim_scalability_results.csv,
scalability,fhm,chainstore,60%,,0.6,130000,667769,correct,2964659.691,2142.012,5685,5952153,baseline_scalability/fhm_chainstore/baseline_huim_scalability_results.csv,
scalability,fhm,chainstore,80%,,0.8,130000,890359,correct,5332898.865,2833.965,8952,11464161,baseline_scalability/fhm_chainstore/baseline_huim_scalability_results.csv,
scalability,fhm,chainstore,100%,,1.0,130000,1112949,correct,8247980.329,3368.066,12436,17898825,baseline_scalability/fhm_chainstore/baseline_huim_scalability_results.csv,
scalability,fhm,chicago_crimes,20%,,0.2,16000,532462,correct,40256.137,188.766,206,569,baseline_scalability/fhm_kosarak_chicago/baseline_huim_scalability_results.csv,
scalability,fhm,chicago_crimes,40%,,0.4,16000,1064924,correct,106255.449,359.691,540,1301,baseline_scalability/fhm_kosarak_chicago/baseline_huim_scalability_results.csv,
scalability,fhm,chicago_crimes,60%,,0.6,16000,1597385,correct,167846.686,524.422,865,1953,baseline_scalability/fhm_kosarak_chicago/baseline_huim_scalability_results.csv,
scalability,fhm,chicago_crimes,80%,,0.8,16000,2129847,correct,232561.819,677.012,983,2189,baseline_scalability/fhm_kosarak_chicago/baseline_huim_scalability_results.csv,
scalability,fhm,chicago_crimes,100%,,1.0,16000,2662309,correct,285267.95,815.562,1043,2331,baseline_scalability/fhm_kosarak_chicago/baseline_huim_scalability_results.csv,
scalability,fhm,ecommerce,20%,,0.2,180000,2995,correct,2858490.962,33.512,35646831,94709945,baseline_scalability/fhm_A/baseline_huim_scalability_results.csv,
scalability,fhm,ecommerce,40%,,0.4,180000,5990,correct,20729538.776,50.414,369792026,575264881,baseline_scalability/fhm_A/baseline_huim_scalability_results.csv,
scalability,fhm,ecommerce,60%,,0.6,180000,8985,correct,62836949.706,66.191,1300521063,1831548709,next4_batch/results/fhm_ecommerce_60.json,
scalability,fhm,ecommerce,80%,,0.8,180000,11980,correct,70420530.497,82.914,1470619864,2084173769,next2_batch/results/fhm_ecommerce_80.json,
scalability,fhm,ecommerce,100%,,1.0,180000,14975,correct,84978757.514,97.406,2069486320,2734628711,baseline_huim_results/baseline_huim_threshold_results.csv,T4->scale100
scalability,fhm,foodmart,20%,,0.2,7000,828,correct,101.308,18.453,24,227,baseline_scalability/fhm_A/baseline_huim_scalability_results.csv,
scalability,fhm,foodmart,40%,,0.4,7000,1656,correct,287.616,20.305,420,2762,baseline_scalability/fhm_A/baseline_huim_scalability_results.csv,
scalability,fhm,foodmart,60%,,0.6,7000,2485,correct,406.68,21.598,674,3486,baseline_scalability/fhm_A/baseline_huim_scalability_results.csv,
scalability,fhm,foodmart,80%,,0.8,7000,3313,correct,548.83,23.027,1639,8312,baseline_scalability/fhm_A/baseline_huim_scalability_results.csv,
scalability,fhm,foodmart,100%,,1.0,7000,4141,correct,604.824,23.98,1903,9239,baseline_scalability/fhm_A/baseline_huim_scalability_results.csv,
scalability,fhm,fruithut,20%,,0.2,52000,36394,correct,11866.897,37.363,875,45734,baseline_scalability/fhm_fruithut/baseline_huim_scalability_results.csv,
scalability,fhm,fruithut,40%,,0.4,52000,72788,correct,49267.945,61.238,2708,165590,baseline_scalability/fhm_fruithut/baseline_huim_scalability_results.csv,
scalability,fhm,fruithut,60%,,0.6,52000,109182,correct,127586.939,88.078,7138,470325,baseline_scalability/fhm_fruithut/baseline_huim_scalability_results.csv,
scalability,fhm,fruithut,80%,,0.8,52000,145576,correct,246156.42,116.062,14819,960329,baseline_scalability/fhm_fruithut/baseline_huim_scalability_results.csv,
scalability,fhm,fruithut,100%,,1.0,52000,181970,correct,408653.785,145.711,26681,1642451,baseline_scalability/fhm_fruithut/baseline_huim_scalability_results.csv,
scalability,fhm,kosarak,20%,,0.2,2750000,198000,correct,4719.3,94.945,1,4,baseline_scalability/fhm_kosarak_chicago/baseline_huim_scalability_results.csv,
scalability,fhm,kosarak,40%,,0.4,2750000,396001,correct,27429.212,234.242,5,49,baseline_scalability/fhm_kosarak_chicago/baseline_huim_scalability_results.csv,
scalability,fhm,kosarak,60%,,0.6,2750000,594001,correct,126830.172,449.98,10,316,baseline_scalability/fhm_kosarak_chicago/baseline_huim_scalability_results.csv,
scalability,fhm,kosarak,80%,,0.8,2750000,792002,correct,664525.036,815.605,18,2897,baseline_scalability/fhm_kosarak_chicago/baseline_huim_scalability_results.csv,
scalability,fhm,kosarak,100%,,1.0,2750000,990002,correct,1829553.008,1205.973,22,15737,baseline_scalability/fhm_kosarak_chicago/baseline_huim_scalability_results.csv,
scalability,fhm,retail,20%,,0.2,3700,17632,correct,72207.992,85.973,395,35822,baseline_scalability/fhm_retail/baseline_huim_scalability_results.csv,
scalability,fhm,retail,40%,,0.4,3700,35265,correct,390152.99,176.984,1326,198097,baseline_scalability/fhm_retail/baseline_huim_scalability_results.csv,
scalability,fhm,retail,60%,,0.6,3700,52897,correct,780922.478,260.754,2167,493245,baseline_scalability/fhm_retail/baseline_huim_scalability_results.csv,
scalability,fhm,retail,80%,,0.8,3700,70530,correct,1263624.564,340.238,3235,980149,baseline_scalability/fhm_retail/baseline_huim_scalability_results.csv,
scalability,fhm,retail,100%,,1.0,3700,88162,correct,2022041.13,425.906,5191,1982316,baseline_scalability/fhm_retail/baseline_huim_scalability_results.csv,
scalability,hui_miner,accidents,20%,,0.2,24000000,68037,correct,4761.684,102.582,0,0,baseline_scalability/hui_miner_B/baseline_huim_scalability_results.csv,
scalability,hui_miner,accidents,40%,,0.4,24000000,136073,correct,24650.862,362.18,0,39,baseline_scalability/hui_miner_B/baseline_huim_scalability_results.csv,
scalability,hui_miner,accidents,60%,,0.6,24000000,204110,correct,431092.13,762.434,0,778,baseline_scalability/hui_miner_B/baseline_huim_scalability_results.csv,
scalability,hui_miner,accidents,80%,,0.8,24000000,272146,correct,3150061.577,1201.93,7,4716,baseline_scalability/hui_miner_B/baseline_huim_scalability_results.csv,
scalability,hui_miner,accidents,100%,,1.0,24000000,340183,correct,13315848.055,1614.457,513,17081,baseline_scalability/hui_miner_B/baseline_huim_scalability_results.csv,
scalability,hui_miner,chainstore,20%,,0.2,130000,222590,correct,4814248.968,195.703,986,60616712,baseline_scalability/hui_miner_B/baseline_huim_scalability_results.csv,
scalability,hui_miner,chainstore,40%,,0.4,130000,445180,correct,13889342.68,362.379,2778,122367121,baseline_scalability/hui_miner_B/baseline_huim_scalability_results.csv,
scalability,hui_miner,chainstore,60%,,0.6,130000,667769,correct,26596945.058,557.594,5685,192408024,baseline_scalability/hui_miner_B/baseline_huim_scalability_results.csv,
scalability,hui_miner,chainstore,80%,,0.8,130000,890359,correct,36483535.161,753.312,8952,274443521,first8_batch/results/hui_chainstore_80.json,
scalability,hui_miner,chainstore,100%,,1.0,130000,1112949,correct,52918450.943,926.879,12436,332847258,next6_batch/results/hui_chainstore_100.json,
scalability,hui_miner,chicago_crimes,20%,,0.2,16000,532462,correct,23930.684,113.199,206,603,baseline_scalability/hui_chicago/baseline_huim_scalability_results.csv,
scalability,hui_miner,chicago_crimes,40%,,0.4,16000,1064924,correct,53495.386,206.488,540,1299,baseline_scalability/hui_chicago/baseline_huim_scalability_results.csv,
scalability,hui_miner,chicago_crimes,60%,,0.6,16000,1597385,correct,82807.892,297.773,865,1871,baseline_scalability/hui_chicago/baseline_huim_scalability_results.csv,
scalability,hui_miner,chicago_crimes,80%,,0.8,16000,2129847,correct,109248.992,383.141,983,2123,baseline_scalability/hui_chicago/baseline_huim_scalability_results.csv,
scalability,hui_miner,chicago_crimes,100%,,1.0,16000,2662309,correct,131248.782,462.48,1043,2251,baseline_scalability/hui_chicago/baseline_huim_scalability_results.csv,
scalability,hui_miner,ecommerce,20%,,0.2,180000,2995,correct,3621117.175,23.801,35646831,1222546369,baseline_scalability/hui_miner_A/baseline_huim_scalability_results.csv,
scalability,hui_miner,ecommerce,40%,,0.4,180000,5990,correct,26580659.547,28.883,369792026,6307413221,baseline_scalability/hui_miner_A/baseline_huim_scalability_results.csv,
scalability,hui_miner,ecommerce,60%,,0.6,180000,8985,correct,82049298.583,34.09,1300521063,27350254488,first8_batch/results/hui_ecommerce_60.json,
scalability,hui_miner,ecommerce,80%,,0.8,180000,11980,correct,94477537.413,40.402,1470619864,31736743746,next6_batch/results/hui_ecommerce_80.json,
scalability,hui_miner,ecommerce,100%,,1.0,180000,14975,correct,121595083.857,44.492,2069486320,37368078708,first8_batch/results/hui_ecommerce_T4.json,T4->scale100
scalability,hui_miner,foodmart,20%,,0.2,7000,828,correct,292.968,19.164,24,133684,baseline_scalability/hui_miner_A/baseline_huim_scalability_results.csv,
scalability,hui_miner,foodmart,40%,,0.4,7000,1656,correct,3127.587,20.211,420,1061252,baseline_scalability/hui_miner_A/baseline_huim_scalability_results.csv,
scalability,hui_miner,foodmart,60%,,0.6,7000,2485,correct,5629.247,21.031,674,1383232,baseline_scalability/hui_miner_A/baseline_huim_scalability_results.csv,
scalability,hui_miner,foodmart,80%,,0.8,7000,3313,correct,8667.867,21.715,1639,1799424,baseline_scalability/hui_miner_A/baseline_huim_scalability_results.csv,
scalability,hui_miner,foodmart,100%,,1.0,7000,4141,correct,11254.274,22.203,1903,1882445,baseline_scalability/hui_miner_A/baseline_huim_scalability_results.csv,
scalability,hui_miner,fruithut,20%,,0.2,52000,36394,correct,10826.755,30.578,875,61185,baseline_scalability/hui_fruithut/baseline_huim_scalability_results.csv,
scalability,hui_miner,fruithut,40%,,0.4,52000,72788,correct,32787.152,44.762,2708,202033,baseline_scalability/hui_fruithut/baseline_huim_scalability_results.csv,
scalability,hui_miner,fruithut,60%,,0.6,52000,109182,correct,67266.51,61.293,7138,461417,baseline_scalability/hui_fruithut/baseline_huim_scalability_results.csv,
scalability,hui_miner,fruithut,80%,,0.8,52000,145576,correct,112092.245,78.926,14819,798298,baseline_scalability/hui_fruithut/baseline_huim_scalability_results.csv,
scalability,hui_miner,fruithut,100%,,1.0,52000,181970,correct,163709.763,97.227,26681,1154786,baseline_scalability/hui_fruithut/baseline_huim_scalability_results.csv,
scalability,hui_miner,kosarak,20%,,0.2,2750000,198000,correct,3962.249,65.094,1,1,baseline_scalability/hui_miner_B/baseline_huim_scalability_results.csv,
scalability,hui_miner,kosarak,40%,,0.4,2750000,396001,correct,13819.559,148.273,5,37,baseline_scalability/hui_miner_B/baseline_huim_scalability_results.csv,
scalability,hui_miner,kosarak,60%,,0.6,2750000,594001,correct,26293.045,242.316,10,60,baseline_scalability/hui_miner_B/baseline_huim_scalability_results.csv,
scalability,hui_miner,kosarak,80%,,0.8,2750000,792002,correct,43872.908,366.16,18,112,baseline_scalability/hui_miner_B/baseline_huim_scalability_results.csv,
scalability,hui_miner,kosarak,100%,,1.0,2750000,990002,correct,77302.58,484.734,22,369,baseline_scalability/hui_miner_B/baseline_huim_scalability_results.csv,
scalability,hui_miner,retail,20%,,0.2,3700,17632,correct,102182.373,32.242,395,3199634,baseline_scalability/hui_retail/baseline_huim_scalability_results.csv,
scalability,hui_miner,retail,40%,,0.4,3700,35265,correct,416083.02,47.25,1326,11147411,baseline_scalability/hui_retail/baseline_huim_scalability_results.csv,
scalability,hui_miner,retail,60%,,0.6,3700,52897,correct,782172.838,61.473,2167,18015096,baseline_scalability/hui_retail/baseline_huim_scalability_results.csv,
scalability,hui_miner,retail,80%,,0.8,3700,70530,correct,1197395.214,75.211,3235,24074722,baseline_scalability/hui_retail/baseline_huim_scalability_results.csv,
scalability,hui_miner,retail,100%,,1.0,3700,88162,correct,1815503.293,90.824,5191,29832278,baseline_scalability/hui_retail/baseline_huim_scalability_results.csv,
scalability,ulb_miner,accidents,20%,,0.2,24000000,68037,correct,7707.953,419.996,0,0,baseline_scalability/ulb_miner_B/baseline_huim_scalability_results.csv,
scalability,ulb_miner,accidents,40%,,0.4,24000000,136073,correct,23920.352,1116.828,0,35,baseline_scalability/ulb_miner_B/baseline_huim_scalability_results.csv,
scalability,ulb_miner,accidents,60%,,0.6,24000000,204110,correct,156359.952,1888.586,0,717,baseline_scalability/ulb_miner_B/baseline_huim_scalability_results.csv,
scalability,ulb_miner,accidents,80%,,0.8,24000000,272146,correct,958700.857,2727.836,7,4173,baseline_scalability/ulb_miner_B/baseline_huim_scalability_results.csv,
scalability,ulb_miner,accidents,100%,,1.0,24000000,340183,correct,4138285.593,3521.676,513,15711,baseline_scalability/ulb_miner_B/baseline_huim_scalability_results.csv,
scalability,ulb_miner,chainstore,20%,,0.2,130000,222590,correct,184202.473,1127.352,986,59427,baseline_scalability/ulb_miner_B/baseline_huim_scalability_results.csv,
scalability,ulb_miner,chainstore,40%,,0.4,130000,445180,correct,738696.157,2059.312,2778,226524,baseline_scalability/ulb_miner_B/baseline_huim_scalability_results.csv,
scalability,ulb_miner,chainstore,60%,,0.6,130000,667769,correct,1944586.75,3281.555,5685,626589,baseline_scalability/ulb_miner_B/baseline_huim_scalability_results.csv,
scalability,ulb_miner,chainstore,80%,,0.8,130000,890359,correct,3649388.055,4328.926,8952,1219541,baseline_scalability/ulb_miner_B/baseline_huim_scalability_results.csv,
scalability,ulb_miner,chainstore,100%,,1.0,130000,1112949,correct,5540278.109,5168.426,12436,1974178,baseline_scalability/ulb_miner_B/baseline_huim_scalability_results.csv,
scalability,ulb_miner,chicago_crimes,20%,,0.2,16000,532462,correct,18391.974,380.645,206,499,baseline_scalability/ulb_miner_B/baseline_huim_scalability_results.csv,
scalability,ulb_miner,chicago_crimes,40%,,0.4,16000,1064924,correct,43902.716,743.887,540,1168,baseline_scalability/ulb_miner_B/baseline_huim_scalability_results.csv,
scalability,ulb_miner,chicago_crimes,60%,,0.6,16000,1597385,correct,68333.101,1099.465,865,1711,baseline_scalability/ulb_miner_B/baseline_huim_scalability_results.csv,
scalability,ulb_miner,chicago_crimes,80%,,0.8,16000,2129847,correct,93410.131,1434.711,983,1968,baseline_scalability/ulb_miner_B/baseline_huim_scalability_results.csv,
scalability,ulb_miner,chicago_crimes,100%,,1.0,16000,2662309,correct,115118.67,1746.043,1043,2072,baseline_scalability/ulb_miner_B/baseline_huim_scalability_results.csv,
scalability,ulb_miner,ecommerce,20%,,0.2,180000,2995,correct,497264.089,41.113,35646831,90547823,baseline_scalability/ulb_miner_A/baseline_huim_scalability_results.csv,
scalability,ulb_miner,ecommerce,40%,,0.4,180000,5990,correct,3771500.734,66.293,369792026,606181200,baseline_scalability/ulb_miner_A/baseline_huim_scalability_results.csv,
scalability,ulb_miner,ecommerce,60%,,0.6,180000,8985,correct,12180169.041,89.074,1300521063,1919580676,baseline_scalability/ulb_miner_A/baseline_huim_scalability_results.csv,
scalability,ulb_miner,ecommerce,80%,,0.8,180000,11980,correct,14043289.254,114.156,1470619864,2160907999,baseline_scalability/ulb_miner_A/baseline_huim_scalability_results.csv,
scalability,ulb_miner,ecommerce,100%,,1.0,180000,14975,correct,18840573.234,137.48,2069486320,2919521828,baseline_scalability/ulb_miner_A/baseline_huim_scalability_results.csv,
scalability,ulb_miner,foodmart,20%,,0.2,7000,828,correct,62.199,19.297,24,250,baseline_scalability/ulb_miner_A/baseline_huim_scalability_results.csv,
scalability,ulb_miner,foodmart,40%,,0.4,7000,1656,correct,364.618,21.996,420,2337,baseline_scalability/ulb_miner_A/baseline_huim_scalability_results.csv,
scalability,ulb_miner,foodmart,60%,,0.6,7000,2485,correct,472.23,24.199,674,3356,baseline_scalability/ulb_miner_A/baseline_huim_scalability_results.csv,
scalability,ulb_miner,foodmart,80%,,0.8,7000,3313,correct,532.872,26.645,1639,8458,baseline_scalability/ulb_miner_A/baseline_huim_scalability_results.csv,
scalability,ulb_miner,foodmart,100%,,1.0,7000,4141,correct,578.832,28.609,1903,8745,baseline_scalability/ulb_miner_A/baseline_huim_scalability_results.csv,
scalability,ulb_miner,fruithut,20%,,0.2,52000,36394,correct,7592.493,59.574,875,25132,baseline_scalability/ulb_fruithut/baseline_huim_scalability_results.csv,
scalability,ulb_miner,fruithut,40%,,0.4,52000,72788,correct,29530.144,107.938,2708,87329,baseline_scalability/ulb_fruithut/baseline_huim_scalability_results.csv,
scalability,ulb_miner,fruithut,60%,,0.6,52000,109182,correct,71641.913,163.828,7138,215105,baseline_scalability/ulb_fruithut/baseline_huim_scalability_results.csv,
scalability,ulb_miner,fruithut,80%,,0.8,52000,145576,correct,134208.815,223.312,14819,395032,baseline_scalability/ulb_fruithut/baseline_huim_scalability_results.csv,
scalability,ulb_miner,fruithut,100%,,1.0,52000,181970,correct,213594.952,284.246,26681,617566,baseline_scalability/ulb_fruithut/baseline_huim_scalability_results.csv,
scalability,ulb_miner,kosarak,20%,,0.2,2750000,198000,correct,4213.923,194.801,1,1,baseline_scalability/ulb_miner_B/baseline_huim_scalability_results.csv,
scalability,ulb_miner,kosarak,40%,,0.4,2750000,396001,correct,12515.19,512.477,5,12,baseline_scalability/ulb_miner_B/baseline_huim_scalability_results.csv,
scalability,ulb_miner,kosarak,60%,,0.6,2750000,594001,correct,25970.692,887.734,10,36,baseline_scalability/ulb_miner_B/baseline_huim_scalability_results.csv,
scalability,ulb_miner,kosarak,80%,,0.8,2750000,792002,correct,47339.48,1392.258,18,49,baseline_scalability/ulb_miner_B/baseline_huim_scalability_results.csv,
scalability,ulb_miner,kosarak,100%,,1.0,2750000,990002,correct,77529.67,1883.379,22,144,baseline_scalability/ulb_miner_B/baseline_huim_scalability_results.csv,
scalability,ulb_miner,retail,20%,,0.2,3700,17632,correct,23280.175,113.844,395,7116,baseline_scalability/ulb_retail/baseline_huim_scalability_results.csv,
scalability,ulb_miner,retail,40%,,0.4,3700,35265,correct,110840.785,225.566,1326,20721,baseline_scalability/ulb_retail/baseline_huim_scalability_results.csv,
scalability,ulb_miner,retail,60%,,0.6,3700,52897,correct,222634.952,340.629,2167,35931,baseline_scalability/ulb_retail/baseline_huim_scalability_results.csv,
scalability,ulb_miner,retail,80%,,0.8,3700,70530,correct,332986.279,435.602,3235,56087,baseline_scalability/ulb_retail/baseline_huim_scalability_results.csv,
scalability,ulb_miner,retail,100%,,1.0,3700,88162,correct,506794.658,535.684,5191,89465,baseline_scalability/ulb_retail/baseline_huim_scalability_results.csv,
scalability,upgrowthplus,accidents,20%,,0.2,24000000,68037,correct,6690.373,23.598,0,0,baseline_scalability/upgrowthplus_B/baseline_huim_scalability_results.csv,
scalability,upgrowthplus,accidents,40%,,0.4,24000000,136073,correct,22668.638,115.598,0,2,baseline_scalability/upgrowthplus_B/baseline_huim_scalability_results.csv,
scalability,upgrowthplus,accidents,60%,,0.6,24000000,204110,correct,3661214.002,298.516,0,9860,baseline_scalability/upgrowthplus_B/baseline_huim_scalability_results.csv,
scalability,upgrowthplus,accidents,80%,,0.8,24000000,272146,correct,85319836.742,600.414,7,154932,final3_batch/results/up_accidents_80.json,
scalability,upgrowthplus,accidents,100%,,1.0,24000000,340183,timeout,,,,,,
scalability,upgrowthplus,chainstore,20%,,0.2,130000,222590,correct,1736236.697,369.887,986,12353,baseline_scalability/upgrowth_chainstore/baseline_huim_scalability_results.csv,
scalability,upgrowthplus,chainstore,40%,,0.4,130000,445180,correct,5722345.068,779.395,2778,20703,baseline_scalability/upgrowth_chainstore/baseline_huim_scalability_results.csv,
scalability,upgrowthplus,chainstore,60%,,0.6,130000,667769,correct,14201707.82,1291.512,5685,32891,baseline_scalability/upgrowth_chainstore/baseline_huim_scalability_results.csv,
scalability,upgrowthplus,chainstore,80%,,0.8,130000,890359,correct,31281303.564,1764.648,8952,46695,baseline_scalability/upgrowth_chainstore/baseline_huim_scalability_results.csv,
scalability,upgrowthplus,chainstore,100%,,1.0,130000,1112949,correct,41569076.816,2182.438,12436,61351,first8_batch/results/up_chainstore_100.json,
scalability,upgrowthplus,chicago_crimes,20%,,0.2,16000,532462,correct,36643.206,19.68,206,412,baseline_scalability/upgrowth_kosarak_chicago/baseline_huim_scalability_results.csv,
scalability,upgrowthplus,chicago_crimes,40%,,0.4,16000,1064924,correct,119350.156,21.77,540,1046,baseline_scalability/upgrowth_kosarak_chicago/baseline_huim_scalability_results.csv,
scalability,upgrowthplus,chicago_crimes,60%,,0.6,16000,1597385,correct,221222.354,23.508,865,1627,baseline_scalability/upgrowth_kosarak_chicago/baseline_huim_scalability_results.csv,
scalability,upgrowthplus,chicago_crimes,80%,,0.8,16000,2129847,correct,303005.652,23.898,983,1807,baseline_scalability/upgrowth_kosarak_chicago/baseline_huim_scalability_results.csv,
scalability,upgrowthplus,chicago_crimes,100%,,1.0,16000,2662309,correct,369790.741,24.508,1043,1881,baseline_scalability/upgrowth_kosarak_chicago/baseline_huim_scalability_results.csv,
scalability,upgrowthplus,ecommerce,20%,,0.2,180000,2995,excluded,,,,,,
scalability,upgrowthplus,ecommerce,40%,,0.4,180000,5990,excluded,,,,,,
scalability,upgrowthplus,ecommerce,60%,,0.6,180000,8985,excluded,,,,,,
scalability,upgrowthplus,ecommerce,80%,,0.8,180000,11980,excluded,,,,,,
scalability,upgrowthplus,ecommerce,100%,,1.0,180000,14975,excluded,,,,,,
scalability,upgrowthplus,foodmart,20%,,0.2,7000,828,correct,160.127,18.059,24,374,baseline_scalability/upgrowthplus_A/baseline_huim_scalability_results.csv,
scalability,upgrowthplus,foodmart,40%,,0.4,7000,1656,correct,1317.801,19.938,420,2263,baseline_scalability/upgrowthplus_A/baseline_huim_scalability_results.csv,
scalability,upgrowthplus,foodmart,60%,,0.6,7000,2485,correct,2435.293,21.285,674,2876,baseline_scalability/upgrowthplus_A/baseline_huim_scalability_results.csv,
scalability,upgrowthplus,foodmart,80%,,0.8,7000,3313,correct,3793.652,22.516,1639,4735,baseline_scalability/upgrowthplus_A/baseline_huim_scalability_results.csv,
scalability,upgrowthplus,foodmart,100%,,1.0,7000,4141,correct,5154.726,23.652,1903,5285,baseline_scalability/upgrowthplus_A/baseline_huim_scalability_results.csv,
scalability,upgrowthplus,fruithut,20%,,0.2,52000,36394,correct,24043.135,35.559,875,1972,baseline_scalability/upgrowth_fruithut/baseline_huim_scalability_results.csv,
scalability,upgrowthplus,fruithut,40%,,0.4,52000,72788,correct,137158.9,55.332,2708,5721,baseline_scalability/upgrowth_fruithut/baseline_huim_scalability_results.csv,
scalability,upgrowthplus,fruithut,60%,,0.6,52000,109182,correct,499774.276,77.266,7138,14636,baseline_scalability/upgrowth_fruithut/baseline_huim_scalability_results.csv,
scalability,upgrowthplus,fruithut,80%,,0.8,52000,145576,correct,1398552.447,102.168,14819,30280,baseline_scalability/upgrowth_fruithut/baseline_huim_scalability_results.csv,
scalability,upgrowthplus,fruithut,100%,,1.0,52000,181970,correct,3170791.884,131.301,26681,52099,baseline_scalability/upgrowth_fruithut/baseline_huim_scalability_results.csv,
scalability,upgrowthplus,kosarak,20%,,0.2,2750000,198000,correct,5031.135,26.438,1,2,baseline_scalability/upgrowth_kosarak_chicago/baseline_huim_scalability_results.csv,
scalability,upgrowthplus,kosarak,40%,,0.4,2750000,396001,correct,18012.832,109.996,5,10,baseline_scalability/upgrowth_kosarak_chicago/baseline_huim_scalability_results.csv,
scalability,upgrowthplus,kosarak,60%,,0.6,2750000,594001,correct,42151.709,240.898,10,24,baseline_scalability/upgrowth_kosarak_chicago/baseline_huim_scalability_results.csv,
scalability,upgrowthplus,kosarak,80%,,0.8,2750000,792002,correct,84082.854,453.117,18,38,baseline_scalability/upgrowth_kosarak_chicago/baseline_huim_scalability_results.csv,
scalability,upgrowthplus,kosarak,100%,,1.0,2750000,990002,correct,137695.13,653.414,22,58,baseline_scalability/upgrowth_kosarak_chicago/baseline_huim_scalability_results.csv,
scalability,upgrowthplus,retail,20%,,0.2,3700,17632,correct,45355.779,47.309,395,3346,baseline_scalability/upgrowth_retail/baseline_huim_scalability_results.csv,
scalability,upgrowthplus,retail,40%,,0.4,3700,35265,correct,212544.876,83.75,1326,7700,baseline_scalability/upgrowth_retail/baseline_huim_scalability_results.csv,
scalability,upgrowthplus,retail,60%,,0.6,3700,52897,correct,456075.963,119.641,2167,11073,baseline_scalability/upgrowth_retail/baseline_huim_scalability_results.csv,
scalability,upgrowthplus,retail,80%,,0.8,3700,70530,correct,780130.149,155.051,3235,14415,baseline_scalability/upgrowth_retail/baseline_huim_scalability_results.csv,
scalability,upgrowthplus,retail,100%,,1.0,3700,88162,correct,1397181.627,194.43,5191,19787,baseline_scalability/upgrowth_retail/baseline_huim_scalability_results.csv,
